상품명,상품설명,가격,할인정보,판매단위,중량/용량,배송구분,포장타입
무농약 간편 샐러드 6종,내 마음대로 골라담고 세척되어 바로 먹을 수 있는 신선한 샐러드,"1,700원",X,해당사항없음,해당사항없음,샛별배송/택배배송,냉장/종이포장
[순수람] 채소를 담은 자연주의 채담카레,"새싹이 듬뿍, 카레의 건강한 변신!","1,960원",X,1봉,160g,샛별배송/택배배송,냉장/종이포장
[푸드렐라] 통통살 가라아게,육즙이 가득한 풍성한 맛,"3,900원",X,해당사항없음,해당사항없음,샛별배송/택배배송,냉동/종이포장
[집으로ON] 팔선생 볶음밥 3종,집에서 맛보는 소문난 맛집의 볶음밥,"2,200원",X,1개,230g,샛별배송/택배배송,냉동/종이포장
친환경 채소믹스 500g,손질 없이 다양한 채소를 한 번에 (1팩 500g),"5,900원",X,1팩,500g,샛별배송/택배배송,냉장/종이포장
[빕스] 바베큐 폭립 오리지날,집에서 즐기는 빕스의 대표 메뉴,"12,860원",13%,PK,450g,샛별배송/택배배송,냉동/종이포장
[라쿠치나] 수프 6종,"NEW 헝가리안굴라쉬, 밤크림수프 오픈","2,340원",10%,1개,160g,샛별배송/택배배송,냉장/종이포장
[파워닭] 닭가슴살 5종 (냉동),"100g당 가격 : 1,700원(상품 패키지 리뉴얼)","1,700원",X,1개,100g,샛별배송/택배배송,냉동/종이포장
[자연실록] 닭가슴살 큐브 스테이크 3종,간편하게 구워 먹는 촉촉한 닭가슴살,"7,900원",X,1팩,500g,샛별배송/택배배송,냉동/종이포장
[고베식당] 일본 정통 카레 4종,일본 유명 호텔 셰프들도 극찬한 카레! 장인의 노하우로 만든 80년 전통 일본 카레 ,"2,180원",X,1개,160g,샛별배송/택배배송,상온/종이포장
[사랑과정성] 크림스프 4종,힘이 되는 스프 한 그릇,"3,200원",X,1,200g,샛별배송/택배배송,냉장/종이포장
[제이키친] 짜장 떡볶이 3종,한결같이 맛있는 황금비율의 맛,"5,900원",X,1팩,518g,샛별배송/택배배송,냉장/종이포장
[비비고] 왕교자 385g,야채와 돼지고기를 가득담아 만든 비비고 왕교자! 3천번 이상의 수타공법으로 쫄깃해요!,"4,200원",X,1봉,385g,샛별배송/택배배송,냉동/종이포장
[네이처밸리] 그래놀라 바 5종,식사대용으로 간판하게 즐기는 건강 스낵 바,"4,900원",X,1박스,42gX5개입,샛별배송/택배배송,냉장/종이포장
[존쿡 델리미트] 바베큐 백립 450g (냉동),훈연향 가득한 정통 바베큐 백립,"12,000원",20%,1개,450g,샛별배송/택배배송,냉동/종이포장
[유기방아] 떡볶이떡 & 떡국떡 (냉동),냉동상태 그대로 조리해서 먹는 쫀득함의 절정,"3,860원",10%,1봉,500g,샛별배송/택배배송,냉동/종이포장
[그라놀로지] 그래놀라 5종,"철학이 담긴 그래놀라, 청담동 그라놀로지 새롭게 리뉴얼!","9,900원",10%,1팩,150g,샛별배송/택배배송,냉장/종이포장
[고메] 크리스피 핫도그,빵 맛이 남다른 인기 핫도그,"6,980원",X,1봉지,80g*6(480g),샛별배송/택배배송,냉동/종이포장
[풀무원] 올바른 핫도그 5개입,재료부터 맛까지 이름처럼 올바른 핫도그 ,"6,300원",X,1봉(5개입),375g(75g*5개),샛별배송/택배배송,냉동/종이포장
[크레이브푸드] 시저 샐러드 200g,정통 미국식 샐러드의 깊은 맛,"5,900원",X,1,총,샛별배송/택배배송,냉장/종이포장
[LOTS OF LOVE] 봄맛듬뿍 곤드레밥,강원도산 곤드레가 주는 깊은 풍미,"6,800원",X,1팩,230g,샛별배송/택배배송,냉동/종이포장
[플라하반] 오트밀 6종,고급 아이리쉬 귀리로 만든 오트밀 [신제품 입고],"14,400원",10%,1팩,옵션별,샛별배송/택배배송,상온/종이포장
[제이키친] 떡볶이 2종,언제나 성공하는 황금 비율의 맛,"5,900원",X,1팩,쌀떡볶이,샛별배송/택배배송,냉장/종이포장
[창화당] 납작 왕군만두 2종,"만두 잘하는집 , 창화당의 인기 만두 2종","7,950원",X,1봉,500g,샛별배송/택배배송,냉동/종이포장
[씨즐푸드] 우리밀 통등심 돈까스 (냉동),,"4,600원",X,1팩,260g(130g*2),샛별배송/택배배송,냉동/종이포장
[훅스] 유기농 씨리얼 2종,건강하게 즐기는 고소한 씨리얼,"4,500원",X,1봉,제품별상이(하단참조),샛별배송/택배배송,상온/종이포장
[Better me] 오리지널 닭가슴살 (냉장),"100g당 가격 : 1,650원 ","9,900원",X,1팩,600g,샛별배송/택배배송,냉장/종이포장
[바이오노바] 유기농 스위트콘 340g,네덜란드 청정 지역에서 올바르게 자란 NON-GMO 스위트콘!,"5,900원",X,1병,340g,샛별배송/택배배송,냉장/종이포장
[비비고] 김치 왕교자 385g,칼칼한 김치가 큼직하게 들어있는 비비고 김치 왕교자!,"4,500원",X,1봉,385g,샛별배송/택배배송,냉동/종이포장
[진가네반찬] 수제짜장,집에서 만든 듯 포근한 한 끼,"3,900원",X,PK,250g,샛별배송/택배배송,냉장/종이포장
[백두산떡갈비] 담양 한우 떡갈비,떡갈비의 본 고장! 담양에서 온 정통 떡갈비 ,"13,000원",X,1팩(2개),총,샛별배송/택배배송,냉동/종이포장
[루토사] 벨지안 모둠 감자 400g,한 번에 만나는 다섯 가지 감자튀김,"3,200원",X,1봉,400g,샛별배송/택배배송,냉동/종이포장
[LOTS OF LOVE] 입맛듬뿍 불낙볶음밥,불고기와 낙지가 만나 감칠맛 두 배,"6,800원",X,1팩,230g,샛별배송/택배배송,냉동/종이포장
[진가네반찬] 수제카레,"편안한 맛, 부담 없는 용량","3,900원",X,PK,250g,샛별배송/택배배송,냉장/종이포장
[코이누르] 정통 인도커리 4종,진짜 인도에서 만든 정통 커리! 환상적인 향신료 배합으로 맛있는 커리를 소개합니다.,"6,400원",X,1팩,375g,샛별배송/택배배송,냉장/종이포장
[고메] 크리스피 너겟,더 맛있게 만든 고품격 치킨너겟! ,"7,950원",X,해당사항없음,해당사항없음,샛별배송/택배배송,기타
[씨즐푸드] 우리밀 통살 생선까스 (냉동),부드럽게 씹히는 통 생선 살,"4,800원",X,1팩,270g(90g*3),샛별배송/택배배송,냉동/종이포장
[고메] 함박스테이크,촉촉한 육즙과 부드러운 식감이 일품,"7,400원",6%,1팩,540g,샛별배송/택배배송,냉동/종이포장
[크레이브푸드] 아시안 치킨 샐러드 275g,부드러운 치킨에 고소한 드레싱 한 스푼,"6,900원",X,1,총,샛별배송/택배배송,냉장/종이포장
[풀무원] 모짜렐라 핫도그 5개입,주욱 늘어나는 치즈와 탱글탱글한 소시지의 만남,"7,200원",9%,1봉지,80g*5개입,샛별배송/택배배송,냉동/종이포장
[LOTS OF LOVE] 손맛듬뿍 새우볶음밥,탱글탱글 새우와 부드러운 밥알의 하모니,"6,800원",X,1팩,230g,샛별배송/택배배송,냉동/종이포장
[다노바] 건강한 시리얼 바,건강을 담은 견과류 시리얼 바! 다노바,"1,500원",X,1개/1박스,30g/30g*10개,샛별배송/택배배송,상온/종이포장
[플라하반] 유기농 오트밀 3종,"우리 가족, 아이가 먹을 더 깐깐한 유기농 귀리100% 플라하반 오가닉 제품 출시!","14,400원",10%,1개,제품별,샛별배송/택배배송,상온/종이포장
[다노] 흑임자선식,한 팩씩 즐기는 초간단 단백질 쉐이크!,"2,500원",X,1팩,25g,샛별배송/택배배송,상온/종이포장
[창화당] 김치궁중만두,육즙 가득한 궁중 만두,"11,900원",X,1봉,700g,샛별배송/택배배송,냉동/종이포장
[피코크] 홍대 초마 짜장,담백하고 부드러운 불맛 짜장소스와 중화 면발로 만든 홍대초마 짜장면,"6,980원",X,1개,820g,샛별배송/택배배송,냉동/종이포장
[존쿡 델리미트] 슈바인 학센 650g (냉동),"겉은 바삭, 속은 촉촉한 독일 전통 돼지 앞다리 바비큐를 즐겨보세요!","14,400원",20%,1개,650g,샛별배송/택배배송,냉동/종이포장
[피코크] 순희네 빈대떡,방금 부쳐낸 듯한 바삭한 식감과 고소한 녹두 향이 더해진 빈대떡의 참 맛,"7,480원",X,1개,400g,샛별배송/택배배송,냉동/종이포장
[네니아] 물만두,촉촉한 육즙 가득,"13,200원",X,1팩,1kg,샛별배송/택배배송,냉동/종이포장
[자연에찬] 양념편육,정성껏 손수 만든 양념 편육 (100g당 가격 : 2267원),"6,800원",X,1팩,300g,샛별배송/택배배송,냉장/종이포장
[미주라] 돌체센자 콘플레이크,바삭하고 담백한 시리얼,"5,600원",X,1박스,350g,샛별배송/택배배송,상온/종이포장
[크레이브푸드] 그릭 샐러드 200g,산뜻한 그리스의 맛,"6,900원",X,1,총,샛별배송/택배배송,냉장/종이포장
[섬죽] 단호박죽,기분 좋아지는 한 스푼 ,"4,900원",X,1팩,300g,샛별배송/택배배송,냉장/종이포장
[SEMIWON] 왕어혈교,"탱탱한 새우살과 부추가 듬뿍, 정통 광동식 딤섬","5,980원",X,1팩,200g,샛별배송/택배배송,냉동/종이포장
[올반] 육즙가득 왕교자 2종 (2입구성),315g x 2봉 구성으로 리뉴얼! ,"6,480원",X,1봉,315gX2,샛별배송/택배배송,냉동/종이포장
[튀김공방] 꿔바로우,새콤달콤 소스를 곁들인 중식 별미!,"7,200원",X,1봉,꿔바로우,샛별배송/택배배송,냉동/종이포장
[볼제너뮬러] 유기농 시리얼 2종,유기농으로 꼭꼭 채운 간편 건강식,"6,159원",X,1봉지,250g,샛별배송/택배배송,상온/종이포장
[아마노후즈] 즉석 미소스프(국) 2종,10초면 완성되는 진하고 맛있는 미소국!,"6,800원",X,1,옵션별,샛별배송/택배배송,상온/종이포장
[스푼미] 부리또 볼 350g,매콤하고 고소한 멕시칸 볼 ,"7,900원",X,1,총,샛별배송/택배배송,냉장/종이포장
[피코크] 진한 육개장,"실한 건더기와 쫄깃한 고깃살, 매콤한 국물의 조화가 일품인 간편하고 든든한 한 그릇!","5,600원",X,1개,500g,샛별배송/택배배송,냉장/종이포장
[씨즐푸드] 우리밀 더블치즈 돈까스 (냉동),,"6,500원",X,1팩,280g(140g*2),샛별배송/택배배송,냉동/종이포장
[스테파노스 키친] 까르보나라 스파게티 세트,셰프가 준비하고 집에서 간편하게 만드는 까르보나라 스파케티 세트,"6,800원",X,1팩,450g,샛별배송/택배배송,냉장/종이포장
[다노] 인절미과자,식욕을 조절하느라 받았던 스트레스마저 바삭한 인절미 과자가 한 방에 날려줄 줄 거예요!,"3,500원",X,1봉,30g,샛별배송/택배배송,상온/종이포장
[고메] 치즈 함박스테이크,세 가지 치즈로 더 풍성해진 맛,"6,300원",X,1봉지,465g,샛별배송/택배배송,냉동/종이포장
[더바른도시락] 퀴노아 영양밥 & 매콤 제육볶음,슈퍼 곡물 퀴노아 매콤한 제육볶음의 만남,"3,700원",X,1팩,205g,샛별배송/택배배송,냉동/종이포장
[자연에찬] 족발 슬라이스,야심한 밤 허기를 달래 줄 간식 (100g당 가격 : 3200원),"8,400원",X,1팩,250g,샛별배송/택배배송,냉장/종이포장
[크레이브푸드] 콥 샐러드 240g,블루치즈의 감칠 맛이 담긴,"6,900원",X,1,총,샛별배송/택배배송,냉장/종이포장
[스테파노스 키친] 로제 스파게티 세트,셰프가 준비하고 집에서 간편하게 만드는 로제 스파케티 세트,"6,800원",X,1팩,480g,샛별배송/택배배송,냉장/종이포장
[섬죽] 전복죽,집에서 간편하게 즐기는 건강식,"6,500원",X,1팩,300g,샛별배송/택배배송,냉장/종이포장
[섬죽] 닭녹두죽,담백하고 깔끔한 데일리 영양죽 ,"5,200원",X,1팩,300g,샛별배송/택배배송,냉장/종이포장
[올반] 육즙가득 짬뽕군만두 (2묶음),칼칼한 짬뽕 국물을 들이킨 듯 육즙이 배어나오는 짬뽕 군만두,"6,980원",X,1개,315,샛별배송/택배배송,냉동/종이포장
[섬죽] 소고기 야채죽,"누구나 좋아하는 대표죽, 소고기 야채죽 ","5,900원",X,1팩,300g,샛별배송/택배배송,냉장/종이포장
[요시노상점] 후쿠오카 후쿠요카 낫또,폭신한 식감과 고소한 감칠맛!,"3,900원",X,1통,132g,샛별배송/택배배송,냉동/종이포장
[뜨레봄] 우리밀 카레 4종,"최소한의 재료, 좋은 재료로만 만든 아주 건강한 카레","3,600원",X,1팩,85g,샛별배송/택배배송,냉장/종이포장
[스테파노스 키친] 뽀모도로 스파게티 세트,셰프가 준비하고 집에서 간편하게 만드는 뽀모도로 스파케티 세트,"5,700원",X,1팩,해당사항없음,샛별배송/택배배송,냉장/종이포장
[자연에찬] 바삭 당면 김말이,,"7,300원",X,해당사항없음,해당사항없음,샛별배송/택배배송,냉동/종이포장
[유가원] 유기농 그래놀라 코코넛과 레드베리 40g,장소에 구애받지 않고 간편하게 즐기는,"2,200원",X,1개,40g,샛별배송/택배배송,냉장/종이포장
[플라하반] 퀵오트 컵 3종,간편하게 먹는 달콤고소한 오트밀,"2,900원",X,1개,45g,샛별배송/택배배송,상온/종이포장
[더바른도시락] 탄두리 닭가슴살 현미밥 & 해물 닭가슴살 완자,영양 균형이 골고루 잡힌 한 끼 식사,"3,500원",X,1팩,222g,샛별배송/택배배송,냉동/종이포장
[피코크] 한우 곰탕,100% 한우로 푹 고아낸 한우 곰탕을 이제 집에서 편하게 즐겨보세요! ,"3,180원",X,1개,500g,샛별배송/택배배송,냉장/종이포장
[씨즐푸드] 우리밀 통등심 돈까스 (5개입/냉동),속이 든든한 돈까스,"11,500원",X,1팩,5개입,샛별배송/택배배송,냉동/종이포장
[꽃보다쌀] 우리밀 국수 면 2종,100%국내산 밀가루,"2,900원",X,1봉,400g,샛별배송/택배배송,냉장/종이포장
[자연에찬] 전통찰순대,쫀득쫀득 속이 꽉 찬 순대 (100g당 가격 : 1750원),"7,000원",X,1팩,400g,샛별배송/택배배송,냉동/종이포장
[더바른도시락] 탄두리 닭가슴살 현미밥 & 두툼 야채 고기완자,풍부한 단백질로 느끼는 진한 포만감,"3,500원",X,1팩,222g,샛별배송/택배배송,냉동/종이포장
[섬죽] 새우 들깨죽,탱글탱글한 새우와 고소한 들깨의 만남 ,"5,800원",X,1팩,300g,샛별배송/택배배송,냉장/종이포장
[섬죽] 바지락 미역죽,바다내음이 물씬 나는 바지락 미역죽,"5,900원",X,1팩,300g,샛별배송/택배배송,냉장/종이포장
[네니아] 군만두,느끼하지 않고 담백한 맛,"12,800원",X,1팩,1kg,샛별배송/택배배송,냉동/종이포장
[리오마레] 인살라티씨메 샐러드참치 2종,[이태리 NO.1]  한끼 식사로도 훌륭한 이태리 참치 샐러드! ,"6,600원",X,1개,160g,샛별배송/택배배송,냉장/종이포장
[네이처오다] 무항생제 돈육 64 육포,자연에서 얻은 6가지 재료로 만든,"5,220원",10%,1팩,60g,샛별배송/택배배송,상온/종이포장
[더바른도시락] 취나물 밥 & 골드 에그롤,향긋한 취나물과 계란의 부드러운 맛,"3,900원",X,1팩,212g,샛별배송/택배배송,냉동/종이포장
[유가원] 유기농 콘후레이크와 레드베리 40g,아침을 여는 상큼하고 건강한 시리얼,"2,200원",X,1개,40g,샛별배송/택배배송,냉장/종이포장
[더바른도시락] 슈퍼 곡물 귀리밥 & 버섯 불고기,영양가득 귀리밥과 달큼한 불고기의 조화,"3,900원",X,1팩,205g,샛별배송/택배배송,냉동/종이포장
[씨알로] 우리쌀 프레이크 490g,국내산 쌀로 만든 건강한 시리얼,"7,500원",X,해당사항없음,해당사항없음,샛별배송/택배배송,상온/종이포장
[씨즐푸드] 우리밀 통살 치킨까스 (냉동),100% 국내 닭 가슴살로 만든 치킨까스,"5,000원",X,1팩,300g(150g*2),샛별배송/택배배송,냉동/종이포장
[네니아] 교자만두,정갈하고 담백한 만두,"12,800원",X,1팩,1kg,샛별배송/택배배송,냉동/종이포장
[섬죽] 삼계녹두죽,인삼과 닭고기의 진한 향연 ,"6,500원",X,1팩,300g,샛별배송/택배배송,냉장/종이포장
[솔레미오] 프랑스 오리지널 냉동 피자 3종,너도밤나무 화덕에서 한 번 구워져 나온 프리미엄 냉동 피자!,"7,900원",X,1판,상품별,샛별배송/택배배송,냉동/종이포장
[유가원] 유기농 그래놀라 사과와 건포도 60g,네덜란드의 곡물을 만나 더 건강해진,"2,200원",X,1개,60g,샛별배송/택배배송,냉장/종이포장
[더바른도시락] 퀴노아 영양밥 & 닭가슴살 스테이크,입에서 톡톡 터지는 퀴노아의 풍부한 영양,"3,700원",X,1팩,215g,샛별배송/택배배송,냉동/종이포장
[네니아] 왕만두,한 입 가득 풍성한 맛 ,"13,000원",X,1팩,1kg,샛별배송/택배배송,냉동/종이포장
[MY KITCHEN] 정통 미국식 에그&포테이토 샐러드,한 번에 즐기는 두 가지 맛,"7,000원",X,1통,300g,샛별배송/택배배송,냉장/종이포장
[Everyday] 새우 브로콜리죽,마지막까지 깔끔한 새우 브로콜리죽 (100g당 가격 : 2000원),"5,700원",5%,1,300g,샛별배송/택배배송,냉동/종이포장
[우주인피자] 피자 밀키트 3종,내 손으로 피워내는 개성만점 피자,"9,900원",X,1박스,옵션별,샛별배송/택배배송,냉동/종이포장
[뜨레봄] 채식카레 85g,식물성 100% 채식카레,"4,000원",X,1개,85g(3~4인분),샛별배송/택배배송,냉장/종이포장
[푸드밀리] 매운 양념 닭발,매콤하게 즐기는 무뼈 닭발,"9,180원",15%,1팩,400g,샛별배송/택배배송,냉동/종이포장
[Everyday] 야채죽,부드럽게 넘어가는 알록달록 야채죽 (100g당 가격 : 1333원),"3,800원",5%,1,300g,샛별배송/택배배송,냉동/종이포장
[취영루] 육즙가득 그시절 물만두,그 때 그 맛을 그대로,"6,500원",X,1팩,500g,샛별배송/택배배송,냉동/종이포장
[네니아] 손만두,든든하고 푸근한 맛,"13,200원",X,1봉,1kg,샛별배송/택배배송,냉동/종이포장
[청정원] 라이틀리 곤약매콤비빔면,새콤하게 비벼 먹는 곤약면,"3,150원",X,1팩,216.5g,샛별배송/택배배송,상온/종이포장
[자연에찬] 순수한 순대,잡내 없이 깔끔하게 즐기는 담백한 순대,"7,500원",X,1,400g,샛별배송/택배배송,냉동/종이포장
[노던골드] 유기농 퀵오트밀,유기농 귀리로 더욱 건강한,"7,200원",X,1팩,510g,샛별배송/택배배송,상온/종이포장
[상하키친] 우유크림 브리또 3종,국산 우유를 넣어 부드러운 식감,"3,200원",X,1봉,130g,샛별배송/택배배송,냉동/종이포장
[벤탄마켓] 반미 샌드위치 4종,든든하게 즐기는 베트남식 샌트위치,"6,900원",X,1개,품목별,샛별배송/택배배송,냉장/종이포장
[강민구셰프의 밍글스] 대게장 새우 먹물 파스타,집에서 만나는 셰프 요리,"10,875원",13%,1팩,365g,샛별배송/택배배송,냉동/종이포장
[마이디벨] 카프레제 모짜바이트,모짜렐라를 품은 한입 간식,"7,900원",X,1팩,500g,샛별배송/택배배송,냉동/종이포장
"[Kurly's] 김치 왕만두 (1,050g/지퍼백)",매콤 고소한 매력의 우리밀 만두,"8,900원",X,1팩,"1,050g",샛별배송/택배배송,냉동/종이포장
"[Kurly's] 간편하게 바삭, 고추 김말이",자꾸만 손이 가는 매콤 깔끔한 맛,"2,900원",X,1팩,300g,샛별배송/택배배송,냉동/종이포장
[옴니포크] 식물성 다짐육,다양하게 활용하는 대체육,"3,990원",30%,1팩,230g,샛별배송/택배배송,냉동/종이포장
[탄단지] 닭가슴살 소시지 3종,"김밥, 핫도그에도 활용 가능한 닭가슴살 소시지!","1,800원",X,1팩,120g,샛별배송/택배배송,냉동/종이포장
[알파] 식물성 치킨 너겟,맛과 식감을 그대로 살린,"7,500원",X,1봉,309g,샛별배송/택배배송,냉동/종이포장
[FARM79] 비건 테이블 3종,가볍지만 든든한 한 끼 식사,"3,000원",X,1통,40g,샛별배송/택배배송,상온/종이포장
[모노키친] 타코야키,"소스, 가쓰오부시까지 알찬 구성","3,800원",X,1팩,176g,샛별배송/택배배송,냉동/종이포장
[하치] 스리랑카식 카레,톡 쏘는 향신료의 매력,"2,900원",X,1팩,150g,샛별배송/택배배송,상온/종이포장
[진실된손맛] 치킨마요 후리가케 덮밥,와사비 마요를 만난 닭 다리 살,"4,300원",X,1개,340g,샛별배송/택배배송,냉장/종이포장
[창화당] 고추지짐만두,큼직한 아삭이 고추가 들어가 더욱 특별한 지짐만두,"12,500원",X,1봉,600g,샛별배송/택배배송,냉동/종이포장
[진실된손맛] 우삼겹 덮밥,알차게 꾸린 덮밥 도시락,"5,500원",X,1팩,340g,샛별배송/택배배송,냉장/종이포장
[풀무원] 롤 유부초밥,돌돌 말아 먹는 색다른 유부초밥,"4,990원",21%,1봉,280g,샛별배송/택배배송,냉장/종이포장
[야스노야 지로] 램바그 (함박),양고기로 더한 깊은 풍미,"5,900원",X,1개,200g,샛별배송/택배배송,냉동/종이포장
[햇필드] 베이비백 폭립,근사함을 더하는 특별한 요리,"13,900원",X,1팩,680g,샛별배송/택배배송,냉동/종이포장
[하린이네주꾸미] 왕주꾸미 볶음밥,통통한 주꾸미가 듬뿍,"5,000원",X,1개,250g,샛별배송/택배배송,냉동/종이포장
[네이쳐패스] 유기농 그래놀라 2종,하루의 시작을 든든하고 건강하게!,"7,890원",X,1개,325g,샛별배송/택배배송,기타
[에브리데이] 크로와상 샌드위치 5종,버터의 풍미가 느껴지는 부드러운 샌드위치,"3,900원",X,1개,제품별상이(컨텐츠참조),샛별배송/택배배송,냉장/종이포장
[모노키친] 바삭하게 튀겨진 통살새우볼,동그랗게 말아낸 통통한 튀김볼,"7,900원",X,1팩,270g,샛별배송/택배배송,냉동/종이포장
[샤이바나] 미국 남부식 잠발라야소스 500g,정통 소스의 매콤새콤한 매력 그대로,"8,800원",X,1팩,500g,샛별배송/택배배송,냉장/종이포장
[아침먹고가] 식단도시락 4종,간단하게 챙기는 가벼운 한 끼!,"3,400원",X,1팩,210g,샛별배송/택배배송,냉동/종이포장
[더오담] 남문 떡볶이 (쌀떡),수원 팔달문 시장의 명물 ,"5,040원",10%,1팩,520g,샛별배송/택배배송,냉동/종이포장
[네떼]셀러리&당근 스틱채소 180g,언제든지 쏙쏙 뽑아먹는 간편 스틱채소(1팩/180g),"3,000원",X,1팩,180g,샛별배송/택배배송,냉장/종이포장
[삼양] 큰컵불닭볶음면,입안이 얼얼하게 매운맛이 일품,"1,240원",X,1개,105g,샛별배송/택배배송,상온/종이포장
[고온어다이어트] 스파이스어묵 & 취나물밥,향긋한 취나물과 어묵볼의 만남,"3,700원",X,1팩,210g,샛별배송/택배배송,냉동/종이포장
[삼양] 컵 불닭볶음면 6입,얼얼한 매운 라면을 작은 컵에 쏙,"5,520원",X,1박스,70g*6입/420g,샛별배송/택배배송,상온/종이포장
[정미경키친] 마카로니 샐러드,마카로니와 야채의 고소한 만남,"3,900원",X,1팩,150g,샛별배송/택배배송,냉장/종이포장
[삼양] 까르보불닭볶음면 4입,매콤한 소스와 고소한 크림의 조화,"5,380원",X,1팩,130g*4개입/520g,샛별배송/택배배송,상온/종이포장
[오든든] 더 푸짐한 구운 주먹밥 3종 (5개입),든든하게 즐기는 알찬 한 끼,"8,500원",X,1팩,150g,샛별배송/택배배송,냉동/종이포장
[마켓오] 그래놀라팝 크랜베리 아몬드 520g,바삭바삭 산뜻한 시리얼,"6,980원",X,1팩,520g,샛별배송/택배배송,상온/종이포장
[청정원] 라이틀리 곤약즉석밥 2종,곤약미와 곡물의 가벼운 조화,"2,100원",X,1팩,150g,샛별배송/택배배송,상온/종이포장
[Better me] 닭가슴살 소시지 3종,무항생제 닭가슴살을 이용한 소시지,"1,674원",7%,1팩,1팩,샛별배송/택배배송,냉동/종이포장
[풀치넬라] 디아볼라 피자,짭조름한 페퍼로니와 초리조 토핑,"10,900원",X,1팩,350g,샛별배송/택배배송,냉동/종이포장
주꾸미 떡볶이,쫄깃한 주꾸미와 밀떡의 만남,"12,500원",X,1개,600g,샛별배송/택배배송,냉동/종이포장
[두부씨의 건강한끼] 참깨 두부면 샐러드,부담 없이 든든한 한 끼,"6,800원",X,1팩,210g,샛별배송/택배배송,냉장/종이포장
[마켓컬리 X 요이벤] 장어구이 덮밥 도시락,손쉽게 즐기는 든든한 보양식,"15,900원",X,1인분,420g,샛별배송/택배배송,냉장/종이포장
[타마루제면소] 마제소바 (2인분),감칠맛나게 비벼먹는 마제소바 두 그릇!,"11,000원",X,1팩,524g,샛별배송/택배배송,냉동/종이포장
[깔리또] 스프 5종,간편하게 챙기는 컵 스프!,"1,950원",X,1상자,60g(20gx3봉),샛별배송/택배배송,상온/종이포장
[마이비밀] 진선미 떡볶이 오리지널맛,가볍게 즐기는 통밀 떡볶이,"5,500원",X,팩,466g,샛별배송/택배배송,냉동/종이포장
[청정원] 삼선짜장분말80g,입맛 돋우는 매콤한 풍미,"1,480원",X,1팩,80g,샛별배송/택배배송,상온/종이포장
[퀘이커] 140년 전통 그래놀라 2종,바삭바삭한 식감이 돋보이는,"2,800원",X,1봉,200g,샛별배송/택배배송,상온/종이포장
[진실된손맛] 차슈 후리가케 덮밥,달콤 짭짤한 차슈가 듬뿍,"5,500원",X,1개,340g,샛별배송/택배배송,냉장/종이포장
[혼술짠] 한방 돼지수육,"혼자서 좋은 양, 진해서 좋은 맛","7,900원",X,1팩,200g,샛별배송/택배배송,냉장/종이포장
[산메촌] 메밀 비빔막국수(2인분),매콤하게 즐기는 한 그릇,"9,900원",X,1팩,822g,샛별배송/택배배송,냉동/종이포장
[키플] 멕시칸 칠리비프,비프 소스에 콕 찍어먹는 키토브레드,"7,500원",X,1팩,200g,샛별배송/택배배송,냉동/종이포장
[코바코] 시원한 슬러시 냉메밀(2인분),"일식 요리 전문점 코바코, 입맛이 살아나는 냉메밀!","7,900원",X,1개,컨텐츠참조,샛별배송/택배배송,냉동/종이포장
[탐육] 함박스테이크,좋은 재료로 자신있게 만든 육즙 가득한 함박스테이크,"7,900원",X,1봉,120gx2개입,샛별배송/택배배송,냉동/종이포장
[티아시아키친] 비프 마살라 커리,강황의 풍미를 담은 옐로 커리,"2,430원",X,1개,170g,샛별배송/택배배송,상온/종이포장
[콜린스 다이닝] 리코타 치즈 샐러드,가벼우면서도 든든한 샐러드,"6,305원",3%,1팩,237g,샛별배송/택배배송,냉장/종이포장
[티아시아키친] 치킨 마크니 커리,부드러운 버터 치킨 커리,"2,430원",X,1개,170g,샛별배송/택배배송,상온/종이포장
[동원] 개성 김치왕만두 1.2kg,대용량으로 즐기는 큼직한 김치만두,"9,500원",X,1봉,1.2kg,샛별배송/택배배송,냉동/종이포장
[맑은물에] 누들 곤약 비빔면,든든하고 가벼운 2인분,"4,500원",X,1개,483g,샛별배송/택배배송,냉장/종이포장
[성수동 팩피 : FAGP] 고수 파스타,싱그러움이 가득한 이색 파스타,"8,265원",13%,1팩,320g,샛별배송/택배배송,냉동/종이포장
[둥구나무 : 자연 담은] 영양밥 4종,다채롭게 즐기는 맛과 영양,"4,800원",X,1개,210g,샛별배송/택배배송,냉동/종이포장
[뚝심] 고깃집 진한 김치찌개,쫄깃한 항정살을 듬뿍 넣은,"7,900원",X,1팩,600g,샛별배송/택배배송,냉동/종이포장
[오발탄] 양밥,간편하게 즐기는 시그니처 메뉴,"10,900원",X,1봉,474g,샛별배송/택배배송,냉동/종이포장
"[LOTS OF GREEN] 콩으로, 카레",콩고기로 맛을 낸 담백한 카레,"3,900원",X,1팩,180g,샛별배송/택배배송,냉동/종이포장
[Better me] 납작 곤약면 200g,탱글한 식감 가득 즐기는 곤약면,990원,X,1팩,1팩,샛별배송/택배배송,상온/종이포장
[테스티] 넛바 2종,뉴질랜드 뮤즐리 전문 브랜드 / 6개입,"9,000원",X,1박스,35g,샛별배송/택배배송,상온/종이포장
[비비고] 간장버터장조림 볶음밥,버터와 장조림의 매력적인 만남,"4,500원",X,1팩,400g,샛별배송/택배배송,냉동/종이포장
[청오] 발아 블랙 미숫가루,검은 곡물로 담아낸 더 진한 영양 블랙 미숫가루,"9,900원",X,1봉,500g,샛별배송/택배배송,상온/종이포장
[비비고] 베이컨김치 볶음밥,불향을 입힌 김치 볶음밥,"4,500원",X,1팩,400g,샛별배송/택배배송,냉동/종이포장
[그로서리서울] 배부른 퀴노아 곤약밥 2종,퀴노아와 곤약이 전하는 든든함,"2,600원",X,1개입/4개입,140g/140gx4개,샛별배송/택배배송,상온/종이포장
[복선당] 족빔면 (족발&비빔국수),1인분으로 담은 맛있는 조합,"9,800원",X,1팩,536g,샛별배송/택배배송,냉동/종이포장
[장충동왕족발] 편육,쫄깃하고 탱글하게 씹히는 맛,"3,900원",X,1팩,165g,샛별배송/택배배송,냉장/종이포장
[굽네] 소스가 맛있는 닭가슴살 한입 볼 3종,한입에 쏙 먹기 좋은 맛있는 닭가슴살,"2,600원",X,1봉,120g,샛별배송/택배배송,냉동/종이포장
[고온어다이어트] 취나물밥 & 닭가슴살 스튜,촉촉한 육수와 함께 먹는,"3,900원",X,1개,200g,샛별배송/택배배송,냉동/종이포장
[네떼] 간편양상추 200g,손질이 필요없는 간편 양상추(1팩/200g),"2,200원",X,1팩,200g,샛별배송/택배배송,냉장/종이포장
[모노링크] 등심 돈까스,바삭하고 든든한 식감,"8,900원",X,PK,450g,샛별배송/택배배송,냉동/종이포장
[최현석의 쵸이닷] 트러플 크림 라비올리,집에서 즐기는 파인 다이닝,"6,873원",13%,1팩,270g,샛별배송/택배배송,냉동/종이포장
[후쿠오카함바그] 데미함박스테이크,육즙가득 촉촉한 함박스테이크!,"7,900원",X,1팩,380g,샛별배송/택배배송,냉동/종이포장
[스쿨푸드] 대창구이 덮밥 (2인분),손쉽게 완성하는 덮밥 재료! ,"11,800원",X,1봉,406g,샛별배송/택배배송,냉동/종이포장
[최현석의 스탭밀] 리코타치즈 바람떡 떡볶이,메뉴판엔 없는 인기 메뉴,"5,133원",13%,1팩,450g,샛별배송/택배배송,냉동/종이포장
[석관동 떡볶이] 생마늘듬뿍 떡볶이,마늘의 감칠맛 가득한 매콤달달 분식,"5,500원",X,1팩,520g,샛별배송/택배배송,냉동/종이포장
[LOTS OF LOVE] 이태리식 토마토갈비찜,토마토의 감칠맛이 듬뿍 밴 갈비찜,"26,900원",X,1팩,800G,샛별배송/택배배송,냉동/종이포장
[올반] 숙성 소불고기 180gx3팩,달큰한 양념이 깃든 양념육 ,"12,490원",3%,1팩,180g,샛별배송/택배배송,냉동/종이포장
[이태리돈까스] 명란알리오파스타&함박,명란x알리오올리오x함바그의 삼박자!,"6,500원",X,1팩,299g,샛별배송/택배배송,냉동/종이포장
[튀김공방] 깻잎 튀김,통통하게 소를 넣은 깻잎 튀김,"6,000원",X,1봉,300g/10개,샛별배송/택배배송,냉동/종이포장
[올반] 스위트 칠리 치킨너겟,아빠와 아이들이 좋아하는 치킨너겟,"7,400원",X,1개,500g(100g,샛별배송/택배배송,냉동/종이포장
[마이비밀] 진선미 떡볶이 짜장맛,가볍게 즐기는 통밀 짜장 떡볶이,"5,500원",X,1팩,466g,샛별배송/택배배송,냉동/종이포장
[농심] 짜왕 건면 4입,튀기지 않은 면에 깃든 간짜장의 풍미(4입/1봉),"5,700원",X,1봉,4입,샛별배송/택배배송,상온/종이포장
[진생귀] 바게트 멘보샤,바게트로 색다르게 즐기는 멘보샤!,"9,900원",X,1팩,340g,샛별배송/택배배송,냉동/종이포장
[부침명장] 녹두 빈대떡,숙주와 김치로 맛을 더한 녹두 빈대떡!,"6,890원",X,1봉,400g,샛별배송/택배배송,냉동/종이포장
[쉐푸드] 찍어먹는 꼬마김밥,겨자소스에 콕 찍어 즐기는 매력,"3,900원",X,1팩,383g,샛별배송/택배배송,냉장/종이포장
[고메공방] 팥이통통 쁘띠 붕어빵,국내산 밀과 팥으로 만들어 더 건강한!,"5,000원",23%,1봉,50gx8입,샛별배송/택배배송,냉동/종이포장
[사조해표] 살코기 플러스 참치 100g,기름기가 적어 담백한!,"1,290원",X,1캔,100g,샛별배송/택배배송,상온/종이포장
[마이셰프] 군산식 일품 아귀찜,집에서 만나는 군산의 별미,"15,900원",X,1팩,1245g,샛별배송/택배배송,냉장/종이포장
[비비고] 소고기고추장 비빔 유수면,불 없이 흐르는 물로 완성,"4,980원",16%,1팩,315gX2,샛별배송/택배배송,냉동/종이포장
[햇반] 컵반 비빔밥 시리즈 6종,쓱쓱 비벼 먹는 한 그릇 반상,"3,480원",X,1컵,제품별상이(하단참조),샛별배송/택배배송,상온/종이포장
"[Kurly's] 간편하게 바삭, 통가슴살 치킨 커틀렛 600g (3개입)",넉넉히 즐기는 담백 고소한 매력,"6,555원",5%,1봉,600g(200g*3조각),샛별배송/택배배송,냉동/종이포장
[풀무원] 얇은피 꽉찬 교자 매콤해물 만두,매콤한 불맛이 듬뿍,"3,980원",X,1봉,304g,샛별배송/택배배송,냉동/종이포장
[KC] 군옥수수 더블콘,불향을 입힌 달콤한 옥수수,"3,800원",X,1개,2입,샛별배송/택배배송,상온/종이포장
[고메공방] 미친 치즈돈까스,치즈가 쭉쭉 늘어나는 돈까스,"13,857원",7%,1팩,480g,샛별배송/택배배송,냉동/종이포장
[창화루] 마라탕면,얼얼하게 즐기는 일품 면요리,"8,900원",X,1봉,860g,샛별배송/택배배송,냉동/종이포장
[칠갑농산] 무김치 물냉면,무김치를 더해 풍성한 물냉면 한 그릇,"4,275원",5%,1팩,1002g,샛별배송/택배배송,냉장/종이포장
[강창구찹쌀진순대] 진전통순대,알차게 채운 전통의 맛,"6,700원",X,1팩,500g,샛별배송/택배배송,냉동/종이포장
[모노키친] 멘보샤,에어프라이어 전용 별미 튀김요리,"9,900원",X,1팩,30g,샛별배송/택배배송,냉동/종이포장
[햇반] 매일잡곡밥 210g (1입/8입)," 국산 현미,보리,흑미로 만든 잡곡밥","1,880원",X,낱개/묶음,210g/210gx8개입,샛별배송/택배배송,상온/종이포장
[강창구찹쌀진순대] 직화구이 매콤양념곱창,손쉽게 즐기는 매콤한 안주,"5,900원",X,1팩,200g,샛별배송/택배배송,냉동/종이포장
[더리얼] 한입 찐 강낭콩,달콤하게 즐기는 강낭콩 간식,"2,200원",X,1팩,80g,샛별배송/택배배송,상온/종이포장
[강남면옥] 갈비탕,든든하고 푸짐한 한 그릇,"11,000원",X,1팩,1kg,샛별배송/택배배송,냉동/종이포장
[아임닭] 닭가슴살 소시지 2종,넉넉하게 구비하는 소시지,"7,600원",X,1팩,480g,샛별배송/택배배송,냉동/종이포장
[샐러딩] 콜드컷 치킨 샐러드 171g,향긋 고소한 토핑의 향연(171g/1팩),"6,200원",X,1팩,171g,샛별배송/택배배송,냉장/종이포장
[네떼] 닭가슴살 샐러드 165g,가볍게 한끼 대용으로 즐기는 샐러드(1팩/165g),"3,900원",X,1팩,165g,샛별배송/택배배송,냉장/종이포장
[시티델리] 잠봉뵈르 샌드위치,부담 없이 만나는 프랑스식 샌드위치,"4,780원",X,1개,120g,샛별배송/택배배송,냉동/종이포장
[언리미트] 버거 패티 230g,부드럽고 촉촉한 식물성 패티!,"9,900원",X,1팩,115gx2,샛별배송/택배배송,냉동/종이포장
홍제동 사랑의집 떡볶이,"100%야채즙과 고춧가루, 후추의 배합으로 깔끔한 떡볶이","5,400원",X,1봉,414g,샛별배송/택배배송,냉동/종이포장
[카페아모제] 아몬드 고구마 맛탕,고구마 맛탕의 더 고소한 변신,"5,500원",X,1팩,250g,샛별배송/택배배송,냉동/종이포장
[착한들] 한우 사골육수,농축액으로 간편하게 조리하는,"8,000원",X,1팩,12g,샛별배송/택배배송,상온/종이포장
[Kurly's] 동물복지 반숙란 6구,소용량으로 부담없이 촉촉한(1구당:783원),"4,700원",X,1팩,6개입,샛별배송/택배배송,냉장/종이포장
[탄단지] 닭가슴살 큐브 5종,한 입에 쏙! 간편하게 즐기는 큐브 닭가슴살!,"1,600원",X,1봉,100g,샛별배송/택배배송,냉동/종이포장
[복담] 복을 담은 호박죽 2종,간편하게 마시는 달콤한 호박죽,"2,300원",X,옵션별,옵션별,샛별배송/택배배송,냉동/종이포장
[로코스BBQ] 바베큐 백립,손쉽게 즐기는 아메리칸 바베큐,"12,480원",20%,1봉,500g,샛별배송/택배배송,냉동/종이포장
[카페프룻] 닭가슴살 피자 두판,닭가슴살을 맛있게 즐기는 방법,"8,900원",X,1박스,200g,샛별배송/택배배송,냉동/종이포장
[해태] 고향만두 2종,오랜 시간 사랑받아 온,"4,050원",X,1팩,품목별,샛별배송/택배배송,냉동/종이포장
[3분포차] 직화돼지불고기,어디에나 잘 어울리는 안주!,"6,900원",X,1개,150g,샛별배송/택배배송,냉동/종이포장
[집으로ON] 어린이 볶음밥 4종,재료를 곱게 손질해 부드러운 식감,"2,600원",X,1팩,180g,샛별배송/택배배송,냉동/종이포장
[갤러리아 고메이494] 치킨 마크니 카레,부드럽고 진한 프리미엄 인도식 카레,"4,900원",X,1팩,250g,샛별배송/택배배송,상온/종이포장
[Kurly's] 샌드위치용 달걀감자 샐러드 120g,부드러운 달걀과 고소한 감자의 조화,"2,000원",X,1팩,120g,샛별배송/택배배송,냉장/종이포장
[My little recipe] 안동에서 올라온 전통찜닭 대용량 (3~4인용),온가족이 함께 즐기는 안동 찜닭,"23,500원",X,1팩,2600g,샛별배송/택배배송,냉장/종이포장
[피그인더 가든] 클래식 그릴 보울 샐러드,풍성한 토핑의 시그니처 메뉴,"6,170원",5%,1통,260g,샛별배송/택배배송,냉장/종이포장
[스쿨푸드] 국물 떡볶이,집에서 즐기는 분식 대표 메뉴! (야끼만두 포함),"5,220원",10%,1봉,634g,샛별배송/택배배송,냉동/종이포장
[마이셰프] 버섯 소불고기전골,보글보글 끓이기만 하면 완성,"12,000원",20%,1팩,891g,샛별배송/택배배송,냉장/종이포장
[블루엘리펀트] 로얄 타이 프리미엄 커리소스 3종,태국에서 온 정통 커리 3종,"6,004원",24%,1개,300g,샛별배송/택배배송,상온/종이포장
[고온어다이어트] 린베이커소세지 & 렌틸콩고구마밥,담백하면서도 풍성한 맛,"3,500원",X,1팩,200g,샛별배송/택배배송,냉동/종이포장
[부침명장] 한입아삭 김치전,살짝 구워서 완성하는 간편한 전 요리,"4,080원",X,1봉,300g(약,샛별배송/택배배송,냉동/종이포장
[비비고] 평양만두,슴슴하게 입맛 돋우는,"4,200원",X,1팩,320g,샛별배송/택배배송,냉동/종이포장
[바삭연구소] 닭가슴살 순살치킨,온 가족의 간편한 간식,"6,900원",X,1팩,500g,샛별배송/택배배송,냉동/종이포장
[올반] 김치볶음밥,[1봉=2인분] 김치와 고소한 모짜렐라 치즈의 조합,"5,280원",X,1봉,414g,샛별배송/택배배송,냉동/종이포장
[한끼묵자] 도토리묵 비법양념키트,손쉽게 완성하는 매력만점 묵 요리,"9,500원",X,1팩,470g,샛별배송/택배배송,냉장/종이포장
[이연복의 목란] 멘보샤,바삭한 식빵에 스미는 새우의 풍미,"12,000원",X,해당사항없음,해당사항없음,샛별배송/택배배송,냉동/종이포장
[강창구찹쌀진순대] 토마토 진순대국,토마토가 들어간 이색 메뉴,"5,900원",X,1팩,710g,샛별배송/택배배송,냉동/종이포장
[LOTS OF GREEN] 컬리플라워 비건 볶음밥,콩고기와 컬리플라워로 만든,"4,900원",X,1팩,230g,샛별배송/택배배송,냉동/종이포장
[21세기누들] 명태회 비빔냉면(2인분),명태와 냉면의 찰떡궁합,"8,620원",12%,1팩,880g,샛별배송/택배배송,냉동/종이포장
[피그인더가든] 데일리믹스 샐러드키트 6봉,"샐러드의 기본, 드레싱까지 함께 있는 샐러드 키트","8,900원",X,1팩,상세페이지,샛별배송/택배배송,냉장/종이포장
[자연에찬] 순살 닭갈비 2종 (냉동),매콤달콤 순살 닭고기 (100g당 가격 : 2400원),"12,000원",X,1팩,500g,샛별배송/택배배송,냉동/종이포장
[자문밖] 곤드레나물밥 & 깻잎미니동그랑땡,향긋함 가득한 든든 도시락,"3,900원",X,1팩,230g,샛별배송/택배배송,냉동/종이포장
[더오담] 등심 돈까스 3입(에어프라이어),바삭한 식감 속 풍부한 육즙,"6,800원",X,1개,390g,샛별배송/택배배송,냉동/종이포장
[안원당] 소고기 보신전골,간편하게 즐기는 구수한 전골 요리,"12,000원",X,1봉,1035g,샛별배송/택배배송,냉동/종이포장
[곤미방] 우동곤약 180g,씹는 식감이 좋은 탱글탱글한 곤약,"1,390원",X,1봉,180g,샛별배송/택배배송,상온/종이포장
[소하동 고방] 현미시리얼 2종,쌀눈 가득한 볶은 현미로만든,"3,000원",X,1봉,85g,샛별배송/택배배송,냉장/종이포장
[맛의고수] 만두순대 고기한가득맛,만두처럼 촉촉하고 깔끔한 맛,"7,900원",X,1팩,500g,샛별배송/택배배송,냉동/종이포장
[네떼] 베이비믹스 100g,네 가지 어린잎을 하나로 모으면! (1팩/100g),"3,190원",X,1봉,100g,샛별배송/택배배송,냉장/종이포장
[광화문 미진] 메밀국수 (2인분),집에서 만나는 메밀 명가,"8,900원",X,1팩,"1,022g",샛별배송/택배배송,냉동/종이포장
[창화루] 마라떡볶이,중독성 있는 매운맛의 떡볶이,"7,900원",X,1봉,450g,샛별배송/택배배송,냉동/종이포장
[프렙] 트러플 버섯크림 리조또,짙은 트러플의 풍미가 배어있는 크림 리조또,"9,800원",X,1팩,400g,샛별배송/택배배송,냉동/종이포장
[H’EATING] 제주 흑돈 크리스피 핫도그,촉촉한 육즙과 바삭한 식감의 조화,"6,900원",X,1봉,95g,샛별배송/택배배송,냉동/종이포장
[고온어다이어트] 코코넛 커리 & 갈릭 소세지,고소하게 즐기는 이색 도시락,"3,900원",X,1개,205g,샛별배송/택배배송,냉동/종이포장
[아르도]  그릴드야채믹스 2종,간편하게 사용하는 야채 믹스,"11,000원",X,1봉,1kg,샛별배송/택배배송,냉동/종이포장
[바비엔] 낙지 볶음 2종,자꾸만 손이 가는 화끈한 매운 맛,"6,800원",X,1팩,품목별,샛별배송/택배배송,냉동/종이포장
[풀무원] 생면식감 꽃게탕면,쫄깃한 식감의 얼큰한 꽃게탕면,"5,450원",X,1개,103g*4봉,샛별배송/택배배송,상온/종이포장
[큰행복] 제주 구움 찰떡 5종,"겉바속촉, 빵과 떡의 절묘한 만남","6,400원",X,1박스,1박스,샛별배송/택배배송,냉동/종이포장
[풀무원] 생면식감 매운맛,깔끔하게 매운 쫄깃한 라면,"3,980원",X,1개,383.6g,샛별배송/택배배송,상온/종이포장
[Kurly's] 동물복지 반숙란 10구,촉촉하고 고소한 달걀의 매력(1구당:680원),"6,800원",X,1팩,10개입,샛별배송/택배배송,냉장/종이포장
[시즈널마켓] 레드커리,키토제닉 식단을 위한 커리 밀키트,"12,900원",X,1봉,350g,샛별배송/택배배송,냉동/종이포장
[비욘드미트] 햄버거 패티,미국 비욘드미트 마켓컬리 입점! 100% 식물성 비건 패티!,"12,900원",X,1팩,227g/2개입,샛별배송/택배배송,냉동/종이포장
[의정부 평양면옥] 평양냉면,슴슴한 매력의 원조 이북식 냉면,"11,000원",26%,1팩,1160g,샛별배송/택배배송,냉동/종이포장
[탁촌장] 안동참마 쌀국수,안동참마로 만든 쌀국수 면발,"2,000원",X,1컵,92g,샛별배송/택배배송,상온/종이포장
[탄단지] 가벼운 한식 도시락 6종,다채로운 한식메뉴로 즐기는 도시락!,"4,200원",X,1팩,200g,샛별배송/택배배송,냉동/종이포장
[아침엔본죽] 쇠고기죽,쇠고기 풍미가 그득하게 밴,"3,800원",X,1팩,271.5g,샛별배송/택배배송,냉장/종이포장
[마켓오] 오!그래놀라 초코고래밥 275g,"귀여운 모양, 달콤 고소한 맛","6,450원",X,1상자,275g,샛별배송/택배배송,상온/종이포장
[팜에이트] 야끼니꾸 불고기 샐러드 170g,부드러운 불고기가 달콤히 들어간,"5,350원",X,1팩,170g,샛별배송/택배배송,냉장/종이포장
[MY KITCHEN] 부리또 볼,집에서 즐기는 정통 남미식 브리또볼,"7,800원",X,1통,440g,샛별배송/택배배송,냉장/종이포장
[해화당] 대왕만두,폭신하게 베어무는 푸짐한 맛,"1,500원",X,1봉,90g,샛별배송/택배배송,냉동/종이포장
[정미경키친] 냉 파스타 샐러드,상큼하게 입맛 돋워줄,"3,700원",X,1팩,170g,샛별배송/택배배송,냉장/종이포장
[피그인더가든] 참치마요 스쿱샐러드 120g,고소하고 짭짤한 참치의 매력(120g/1봉),"2,200원",X,1봉,120g,샛별배송/택배배송,냉장/종이포장
[고독한야식가] 슬라이스 편육,쫄깃하고 부드러운 편육,"8,900원",X,PK,430g,샛별배송/택배배송,냉동/종이포장
[샐러딩] 흑임자 곤약 샐러드,고소한 맛과 영양을 함께 담은,"5,800원",X,1통,181g,샛별배송/택배배송,냉장/종이포장
미고랭 오리지널 라면 400g (80g x 5입),짭짤함 가득한 인도네시아식 볶음면,"2,540원",X,1팩,80g,샛별배송/택배배송,상온/종이포장
[씨알로] 우리아이 우리쌀링 400g,국산 재료 가득 저나트륨 시리얼,"7,500원",X,1팩,400g,샛별배송/택배배송,상온/종이포장
[맛의고수] 양념차돌박이 200g 짭쪼롬감칠맛,더욱 특별하게 즐기는 차돌 구이,"9,900원",X,1팩,200g,샛별배송/택배배송,냉동/종이포장
[더슬로우메이드] 카레향 방어구이,카레와 방어의 고소한 만남,"7,700원",X,1팩,300g,샛별배송/택배배송,냉동/종이포장
[육미육가] 돼지제육볶음 500g,(국내산) 간편하게 즐기는 든든한 밥반찬 ,"7,980원",X,1개,500g,샛별배송/택배배송,냉동/종이포장
[쉐푸드] 6가지 나물 비빔밥,[컬리 Only] 푸짐하게 즐기는 비빔밥 도시락,"4,800원",X,1팩,465g,샛별배송/택배배송,냉장/종이포장
[맛의고수] 맵단고추장맛 양념불고기 200g,자꾸만 생각나는 불고기 요리,"4,900원",X,1팩,200g,샛별배송/택배배송,냉동/종이포장
[우주인피자] 파이브 치즈,아낌 없이 더한 치즈의 유혹,"13,900원",X,1개,414g,샛별배송/택배배송,냉동/종이포장
[테이스티반점] 칠리새우,새우의 매콤달콤한 변신,"7,500원",X,1팩,350g,샛별배송/택배배송,냉동/종이포장
[마이디벨] 벨지안 프라이 트레디션,감자튀김 전문점의 맛 그대로,"3,400원",X,1봉,400g,샛별배송/택배배송,냉동/종이포장
[KART] 닭가슴살 치킨 카레,감자를 곁들인 닭가슴살 치킨 카레,"3,900원",X,1봉,150g,샛별배송/택배배송,상온/종이포장
[한만두] 리얼달콤한 갈비만두,간편하게 즐기는 갈비만두,"2,900원",X,1봉,168g,샛별배송/택배배송,냉동/종이포장
미미네 떡볶이,"드디어, 집에서 만나는 미미네 떡볶이","4,900원",X,1팩,590g,샛별배송/택배배송,냉동/종이포장
[애슐리] 뉴욕 치즈케이크 딥디쉬 피자,치즈케이크를 올린 부드러운 피자,"7,900원",X,1봉,349g,샛별배송/택배배송,냉동/종이포장
[마이디벨] 벨지안 프라이 스테이크하우스,스테이크와 곁들이는 도톰한 매력,"3,400원",X,1팩,400g,샛별배송/택배배송,냉동/종이포장
[콜린스 다이닝] 칠리 보리 부리또 샐러드,매콤한 풍미가 매력적인,"6,693원",3%,1통,245g,샛별배송/택배배송,냉장/종이포장
[굽네] 소스가 맛있는 닭가슴살 3종,맛있게 먹는 닭가슴살,"2,350원",X,팩,120g,샛별배송/택배배송,냉동/종이포장
[콜라비타] 롱파스타 3종,듀럼밀로 완성한 쫄깃한 면발,"2,390원",X,1팩,500g,샛별배송/택배배송,상온/종이포장
[창화당] 떡볶이,창화당의 베스트 셀러!,"5,900원",X,1봉,520g,샛별배송/택배배송,냉동/종이포장
[인테이크] 이노센트 비건 팔라펠,식물성 원재료로 만든 가벼운 한 끼,"5,900원",X,1팩,220g,샛별배송/택배배송,냉동/종이포장
[호떡당] 잡채호떡,풍성하게 즐기는 별미 간식,"5,900원",X,1봉,450g,샛별배송/택배배송,냉동/종이포장
[피코크] 툭툭누들타이 텃만꿍 320g,탱글한 식감의 태국식 고로케,"8,480원",X,1팩,320g,샛별배송/택배배송,냉동/종이포장
[자문밖] 산채나물솥밥 & 버섯소고기볼,향긋한 산채나물과 소고기볼의 조화,"3,900원",X,1팩,230g,샛별배송/택배배송,냉동/종이포장
[미자언니네] 고소한 차돌김치 만두,깔끔하게 매콤한 이색 만두,"4,929원",7%,1팩,300g,샛별배송/택배배송,냉동/종이포장
[하티스푼] 리얼 통 단호박죽,진하게 끓여낸 달콤한 한 숟갈,"3,800원",X,1팩,300g,샛별배송/택배배송,냉장/종이포장
[심플로트] 미국 기본 감자튀김 4종,언제 먹어도 맛있는 가장 인기 많은 감자 튀김,"6,300원",X,1봉,1.2kg,샛별배송/택배배송,냉동/종이포장
[메이티엔] 대만 샌드위치 카야,부드럽게 녹아드는 달콤한 매력,"1,990원",X,1개,80g,샛별배송/택배배송,냉장/종이포장
[프렙] 버섯 크림 파스타,허브를 넣어 한층 풍성해진,"10,600원",X,1팩,448g,샛별배송/택배배송,냉동/종이포장
[클레버토끼] 푸실리&프레스 Family Bowl (이탈리안소스 포함),(푸짐한 패밀리 샐러드) 새콤달콤한 한 끼 (1팩/300g),"6,500원",X,1팩,300g,샛별배송/택배배송,냉장/종이포장
[언리미트] 풀드바비큐 270g,고깃결이 살아있는 스모크 풀드바비큐!,"8,700원",X,1팩,270g,샛별배송/택배배송,냉동/종이포장
[농심] 육개장 사발면 6입,얇은 면발과 진한 국물의 조화,"4,450원",1%,1박스,516g(86g,샛별배송/택배배송,상온/종이포장
[Tasty..in] 야채볶음밥&등심회과육,[더바른도시락 시즌2] 세계의 맛을 담은 맛있는 도시락!,"3,900원",X,1개,205g,샛별배송/택배배송,냉동/종이포장
[해화당] 갈비만두,숯불갈비의 불향 가득,"5,900원",X,1봉,360g/20개입,샛별배송/택배배송,냉동/종이포장
[더플랜] 왕의안주 - 모듬 꼬치 세트,집에서 즐기는 근사한 안주,"9,900원",X,1팩,330g,샛별배송/택배배송,냉동/종이포장
[샐러딩] 치킨 포테이토 샐러드 205g,치킨 스테이크처럼 즐기는 샐러드(205g/1팩),"6,200원",X,1팩,205g,샛별배송/택배배송,냉장/종이포장
[추억의 국민학교 떡볶이] 국떡 3종,입안 착 감기는 그 시절 그 맛 ,"4,900원",X,1팩,옵션별,샛별배송/택배배송,냉동/종이포장
[제천빨간오뎅] 빨간오뎅 세트,집에서 만나는 제천의 명물,"6,900원",X,1박스,488g,샛별배송/택배배송,냉동/종이포장
[더오담] 훈제오리 200g, 무항생제 훈제오리로 만든 ,"4,410원",10%,1개,200g,샛별배송/택배배송,냉장/종이포장
"[Kurly's] 간편하게 바삭, 새우까스",탱글거리는 새우의 식감 가득,"4,900원",X,1팩,200g(100g*2ea),샛별배송/택배배송,냉동/종이포장
[한팟] 알찜 775g(냉장),매콤하게 푸짐한 별미,"11,160원",7%,1팩,775g,샛별배송/택배배송,냉장/종이포장
[한트바커] 그릴드 냉장 닭가슴살 2종,넉넉히 구비하는 이색 닭가슴살,"13,250원",X,1팩,1kg,샛별배송/택배배송,냉장/종이포장
[켈로그] 후루트링 530g,상큼하게 즐기는 알록달록 시리얼,"7,670원",X,1박스,530g,샛별배송/택배배송,상온/종이포장
[프레시메이드] 설렁탕,든든함이 느껴지는 한 그릇!,"5,900원",X,1팩,500g,샛별배송/택배배송,냉동/종이포장
[디케이냉동] 치즈스틱,치즈의 풍미가 가득,"8,900원",X,1팩,500g,샛별배송/택배배송,냉동/종이포장
[콜린스 다이닝] 한끼 보리 샐러드,열무김치로 개운한 퓨전 밥 샐러드,"6,693원",3%,1통,280g,샛별배송/택배배송,냉장/종이포장
[미로식당] 떡볶이,맛집의 숨은 인기비결,"4,900원",X,1팩,460g,샛별배송/택배배송,냉동/종이포장
[켈로그] 프로틴 그래놀라 쉐이커 2종,든든하게 채우는 곡물 쉐이커,"2,350원",X,1통,50g,샛별배송/택배배송,상온/종이포장
[청정원] 라이틀리 밥이 될 곤약,가볍게 즐기는 탱글한 곤약미,"1,590원",X,1팩,200g,샛별배송/택배배송,상온/종이포장
[정미경키친] 버섯 포두부 야채말이,가볍고 담백한 야채말이,"7,347원",7%,1팩,250g,샛별배송/택배배송,냉장/종이포장
[스쿨푸드] 푸짐한 튀김 국물 떡볶이 830g,야채 튀김과 오징어 튀김이 쏙,"7,920원",10%,1팩,830g,샛별배송/택배배송,냉동/종이포장
[에머이] 닭고기 쌀국수 키트 (2인분),담백하게 즐기는 간편 쌀국수,"9,500원",X,1봉,면과,샛별배송/택배배송,냉동/종이포장
[아침엔본죽] 누룽지 닭죽,고소함 가득한 간편 보양죽,"3,800원",X,1팩,270g,샛별배송/택배배송,냉장/종이포장
[비비고] 프리미엄 죽 6종,재료를 풍성하게 넣은 간편 죽,"4,260원",X,1팩,420g,샛별배송/택배배송,상온/종이포장
[피코크] 소고기 들깨 미역국,들깨를 가득 넣어 매력적인 별미로 변신한 소고기 들깨 미역국,"3,950원",X,1개,500g,샛별배송/택배배송,냉장/종이포장
[심플로트] 미국 양념감자 2종,단짠 양념을 더한 케이준 프라이와 버팔로 스틱스,"4,200원",X,1봉,400g,샛별배송/택배배송,냉동/종이포장
[하치] 일본식 카레 2종,비건도 안심하고 즐기는 카레 한 끼,"2,900원",X,1팩,200g,샛별배송/택배배송,상온/종이포장
[프레시메이드] 한우 우족탕,푹 고아낸 한우의 깊은 맛!,"6,900원",X,1팩,500g,샛별배송/택배배송,냉동/종이포장
[쉐푸드] 쫄깃롤만두 360g + 360g,날개가 없어 끝까지 쫀득,"7,980원",X,2팩,360g*2,샛별배송/택배배송,냉동/종이포장
[무빙마운틴] 식물성 버거패티 216g,식물성 재료로 만든 패티,"11,480원",X,1팩,216g,샛별배송/택배배송,냉동/종이포장
[해화당] 얇은피 해물짬뽕왕교자,칼칼한 풍미가 담뿍,"4,900원",X,1봉,350g,샛별배송/택배배송,냉동/종이포장
[고메] 순살 크리스피 치킨,바삭하게 즐기는 순살 치킨,"7,480원",X,1봉,550g,샛별배송/택배배송,기타
[곤미방] 실곤약 180g,밀가루 면 대신 활용하기 좋은,"1,390원",X,1봉,180g,샛별배송/택배배송,상온/종이포장
[풀무원] 자연은 맛있다 홍면 4개입,깔끔하게 매콤한 소고기 버섯탕면,"3,980원",X,1봉,108.8g*4개입,샛별배송/택배배송,상온/종이포장
[고온어다이어트] 빠에야 & 등심 간장 볶음,돼지고기의 든든한 맛을 더한,"4,100원",X,1개,200g,샛별배송/택배배송,냉동/종이포장
[청담동 피양옥] 평양냉면,이북 음식이 담백한 맛 그대로,"14,900원",X,1팩,1.16kg,샛별배송/택배배송,냉동/종이포장
[삼창교자] 삼선만두,새우와 돼지고기의 풍성한 만남,"3,200원",X,1팩,150g/6개입,샛별배송/택배배송,냉동/종이포장
[청오] 통곡물로 볶아만든 10곡 미숫가루,10가지 곡물이 전하는 영양,"6,900원",X,1봉,500g,샛별배송/택배배송,상온/종이포장
[피그인더가든] 에그마요 스쿱샐러드 1kg,넉넉하게 즐기는 부드러운 에그마요,"13,900원",X,1봉,1kg,샛별배송/택배배송,냉장/종이포장
[Kurly's] 샌드위치용 달걀듬뿍 샐러드 120g,국내산 달걀을 가득 넣은,"2,000원",X,1팩,120g,샛별배송/택배배송,냉장/종이포장
[고독한야식가] 순대 곱창볶음,순대와 곱창의 쫄깃한 만남,"6,500원",X,PK,350g,샛별배송/택배배송,냉동/종이포장
[애슐리] 허니 고르곤졸라 치즈볼,깊은 치즈 풍미에 꿀 한 방울,"6,900원",X,1개,350g,샛별배송/택배배송,냉동/종이포장
[미자언니네] 녹두 삼계탕(냉동),속을 든든하게 채우는 보양식,"9,800원",X,1봉,1kg,샛별배송/택배배송,냉동/종이포장
[쉐푸드] 김치 제육 덮밥 2종,푸짐하게 담아낸 간편함을 담은 매콤달콤 덮밥!,"3,980원",X,제품별상이(하단참조),제품별상이(하단참조),샛별배송/택배배송,냉동/종이포장
[심플로트] 미국 코팅 감자튀김 2종,미국식 프렌치프라이의 정석을 보여주는,"4,200원",X,1봉,400g,샛별배송/택배배송,냉동/종이포장
[체리부로] 골든치킨 봉,촉촉한 속살을 지닌 후라이드 닭봉,"7,900원",X,1팩,460g,샛별배송/택배배송,냉동/종이포장
[안원당] 소고기 쟁반수육,집에서 간편하게 즐기는 어복쟁반,"13,900원",X,1봉,950g,샛별배송/택배배송,냉동/종이포장
[8도포차] 매운 닭오돌살 직화구이,매콤하게 즐기는 이색 야식,"5,300원",X,1팩,160g,샛별배송/택배배송,냉동/종이포장
[인테이크] 이노센트 베지볼,병아리콩으로 만든 부드러운 대체육,"2,900원",X,1팩,100g,샛별배송/택배배송,냉동/종이포장
[미자언니네] 팥죽 (냉동),부드럽고 고소한 홈메이드 죽,"7,656원",13%,1팩,500g,샛별배송/택배배송,냉동/종이포장
[원딤섬] 새우 완탕 튀김,집에서 맛보는 일품요리,"6,000원",X,1팩,180g,샛별배송/택배배송,냉동/종이포장
[클레버토끼] 닭가슴살&이탈리안 Family Bowl  (이탈리안소스 포함),(푸짐한 패밀리 샐러드) 담백함이 매력적인 샐러드(1팩/300g),"6,500원",X,1팩,300g,샛별배송/택배배송,냉장/종이포장
[존쿡델리미트] 떡갈비 2종,쫄깃한 갈비살에 입힌 직화의 풍미,"2,350원",X,1개,100g,샛별배송/택배배송,냉장/종이포장
[프레시메이드] 한우 곰탕,뽀얀 국물에 담긴 진한 맛!,"2,900원",X,1팩,500g,샛별배송/택배배송,냉동/종이포장
[쌀집아줌마] 쪄서볶은 약콩가루,간편하게 섭취하는 풍부한 영양,"6,300원",X,1봉,150g,샛별배송/택배배송,상온/종이포장
[아임닭] 닭가슴살 큐브 8종,퍽퍽함이 적은 조각 닭가슴살,"1,950원",X,1팩,100g,샛별배송/택배배송,냉동/종이포장
[서울마님죽] 참치죽,참치가 고소한 풍미가 가득,"2,700원",X,1팩,300g,샛별배송/택배배송,냉장/종이포장
[신의주 찹쌀순대] 시래기 야채고기 순대,고소한 맛과 풍성한 식감,"7,500원",X,1묶음,250g,샛별배송/택배배송,냉동/종이포장
[Kurly's] 물만두,국내산 재료로 가득 채운 깨끗함,"7,900원",X,1팩,800g,샛별배송/택배배송,냉동/종이포장
[쉐푸드] 모짜렐라 치즈스틱 500g,남녀노소 좋아하는 고소한 간식,"8,490원",X,1팩,500g,샛별배송/택배배송,냉동/종이포장
[굽네] 닭가슴살 비엔나 마늘,한 입에 즐기는 닭가슴살 소시지,"2,000원",X,1팩,100g,샛별배송/택배배송,냉동/종이포장
[그릭슈바인] 감자 핫도그,감자와 핫도그의 고소한 만남,"8,400원",X,1봉,100gx4개입,샛별배송/택배배송,냉동/종이포장
[남향푸드또띠아] 통밀 브리또 3종,고소한 통밀을 더한 간편 브리또,"2,900원",X,1개,125g,샛별배송/택배배송,냉동/종이포장
[비비드키친] 소불고기,호주산 소고기로 만든 달콤 반찬,"13,900원",X,1팩,500g,샛별배송/택배배송,냉동/종이포장
[맛있닭] 다이어트 도시락 3종,체중조절을 위한 맛있는 선택,"4,800원",X,1팩,210g,샛별배송/택배배송,냉동/종이포장
[다노] 곤약비빔면,소스까지 합쳐도 130kcal!,"3,400원",X,1컵,221g,샛별배송/택배배송,상온/종이포장
[농심] 안성탕면 5입,구수한 국물 맛이 일품,"2,960원",9%,1팩,625g(125g,샛별배송/택배배송,상온/종이포장
[정미경키친] 10가지 그릴드 채소&요거트소스,오븐에 구워 풍미가 뛰어난,"7,347원",7%,1팩,230g,샛별배송/택배배송,냉장/종이포장
[올반] 마늘듬뿍 숙성 양념 소갈비살 180gx2팩,특제 소스에 재워 감칠맛 가득한 ,"15,900원",X,1묶음,180g,샛별배송/택배배송,냉동/종이포장
[쉐프스토리] 분모자 로제 떡볶이 (밀키트),손쉽게 조리하는 로제 떡볶이,"5,440원",20%,1팩,560g,샛별배송/택배배송,냉동/종이포장
[경복궁 BLACK] 한우 사골 곰탕,뽀얀 국물에 담긴 깊은 풍미,"6,900원",X,1봉,700g,샛별배송/택배배송,냉동/종이포장
[아침엔본죽] 호박죽,샛노란 빛깔 속 달짝지근함,"3,800원",X,1팩,270g,샛별배송/택배배송,냉장/종이포장
[샐러딩] 콥 샐러드 168g,다채로운 토핑으로 즐기는 콥 샐러드(168g/1팩),"6,200원",X,1팩,168g,샛별배송/택배배송,냉장/종이포장
오븐에 구운 촉촉 통감자,휴게소에서 즐기던 통감자를 집에서 간편하게,"2,500원",X,1봉,150g,샛별배송/택배배송,냉동/종이포장
[홍루이젠] 에그마요 샌드위치 2종,부드러운 샐러드가 듬뿍,"2,800원",X,1개,130g,샛별배송/택배배송,냉장/종이포장
[보승] 순살 족발,남길 염려 없이 알뜰한 별미,"6,500원",X,1개,285g,샛별배송/택배배송,냉장/종이포장
[콜린스 다이닝] 버섯 크림 함박스테이크,집에서 맛보는 정통 함박스테이크,"10,670원",3%,1팩,320g,샛별배송/택배배송,냉장/종이포장
[KART] 통안심살이 통통 치킨텐더,"바삭 촉촉, 케이준 양념 통안심","5,900원",X,1팩,400g,샛별배송/택배배송,냉동/종이포장
[LOTS OF LOVE] 한끼든든 친절한 미역국밥,물만 넣고 끓여 주면 완성되는,"5,800원",X,1봉,420g(210gx2개),샛별배송/택배배송,냉동/종이포장
[다노] 쑥선식,고소한 간편 단백질 선식,"2,500원",X,1팩,25g,샛별배송/택배배송,상온/종이포장
[글래드 셰프's 에디션] 베트남 하노이식 닭다리살 구이,집에서 즐기는 이국의 향,"11,000원",X,1팩,450g,샛별배송/택배배송,냉동/종이포장
[크놀라] 그래놀라 5종,정성으로 빚은 수제 그래놀라 (new! 옵션 추가),"10,000원",X,1팩,200g,샛별배송/택배배송,냉장/종이포장
[무빙마운틴] 식물성 소시지 217g,식물성 재료로 만든 소시지,"10,980원",X,1팩,217g,샛별배송/택배배송,냉동/종이포장
[풀무원] 노엣지 페퍼로니 콤비네이션피자,다채로운 토핑이 가득다채로운 토핑이 가득,"6,980원",X,1개,388g,샛별배송/택배배송,냉동/종이포장
[제로미트] 베지 함박 오리지널,탱글탱글한 식감의 비건식사,"6,980원",X,1팩,375g,샛별배송/택배배송,냉동/종이포장
[마포식품] 만두피 3종,3가지 크기의 냉장 만두피,"3,500원",X,1봉,옵션별,샛별배송/택배배송,냉장/종이포장
[서울마님죽] 삼선짬뽕죽,칼칼한 짬뽕의 푸근한 변신,"3,000원",X,1팩,300g,샛별배송/택배배송,냉장/종이포장
[올쿡] 능이 삼계탕,깊고 진하게 우러 나오는 영양,"14,000원",X,1팩,1.4kg,샛별배송/택배배송,냉동/종이포장
[외할머니댁] 감자탕,뜨끈한 속풀이 해장국,"9,000원",X,1팩,1.2kg,샛별배송/택배배송,냉동/종이포장
[광화문 미진] 비빔메밀 (2인분),메밀 맛집의 스테디셀러 메뉴,"8,900원",X,1팩,462g,샛별배송/택배배송,냉동/종이포장
[푸드렐라] 빠삭 통새우,껍질 채로 튀겨 통째로 먹는,"9,900원",X,1봉,300g,샛별배송/택배배송,냉동/종이포장
[튀김공방] 김말이 튀김,집에서도 바삭하고 촉촉하게,"3,300원",X,1봉,300g,샛별배송/택배배송,냉동/종이포장
[하루한킷] 소고기 칼국수 전골,푸짐하게 즐기는 담백한 전골,"12,900원",X,1팩,"1,010g",샛별배송/택배배송,냉장/종이포장
[오뚜기] 진라면 매운맛 컵 65g*6입,매콤하고 진한 맛이 일품,"4,500원",X,1박스,390g(65g,샛별배송/택배배송,상온/종이포장
[콜린스 다이닝] 문어 보리 샐러드,든든하게 즐기는 이색 샐러드,"8,245원",3%,1통,240g,샛별배송/택배배송,냉장/종이포장
[프로방스] 허브치킨 플레로티,집에서 즐기는 프랑스 가정식,"4,900원",X,1팩,245g,샛별배송/택배배송,냉동/종이포장
[홍반장] 얼큰이 순대국,얼큰하게 속을 풀어주는 국물,"5,500원",X,1봉,600g,샛별배송/택배배송,냉동/종이포장
[멕케인] 에어프라이어 감자크로켓,폭신한 식감의 회오리 감자튀김,"4,000원",X,1팩,500g,샛별배송/택배배송,냉동/종이포장
[누리웰] 비빔 반숙 계란장,간편하게 즐기는 짜지않고 고소한 계란장,"3,900원",X,1팩,400g(4알),샛별배송/택배배송,냉장/종이포장
[모노키친] 바삭하게 튀겨진 새우후라이,노릇한 색깔과 바삭한 식감이 일품,"5,865원",15%,1팩,230g,샛별배송/택배배송,냉동/종이포장
[라이스웰] 황동판에 구운 백미 누룽지,자꾸만 손이 가는 누룽지 간식,"12,000원",X,1통,800g,샛별배송/택배배송,상온/종이포장
[토리식품] 죽 2종,"간편하게 뚝딱, 옹골찬 사랑의 맛 ","2,500원",X,1팩,235g,샛별배송/택배배송,냉장/종이포장
[쉐프스토리] 로제 떡볶이 (트레이타입),새롭게 떠오르는 떡볶이 강자,"3,600원",20%,1개,310g,샛별배송/택배배송,냉동/종이포장
[상하키친] 크림스프 3종,간편하게 맛보는 부드럽고 진한 스프,"2,300원",X,1팩,150g,샛별배송/택배배송,상온/종이포장
[루앙] 대만 샌드위치 3종,크리미한 소스가 매력적인 간식,"2,100원",X,1개,옵션별,샛별배송/택배배송,냉장/종이포장
[청오] 국산 유기농 볶음 콩가루,자연에서 찾은 건강한 고소함,"6,900원",X,1개,200g,샛별배송/택배배송,상온/종이포장
[정미경키친] 감자샐러드,밑반찬이자 일품 요리로 손색 없는,"5,200원",X,1팩,200g,샛별배송/택배배송,냉장/종이포장
[정미경키친] 10가지 채소가 들어간 커리,향긋하게 즐기는 풍성한 한 끼,"8,277원",7%,1팩,360g,샛별배송/택배배송,냉장/종이포장
[탄단지] 통 닭가슴살 4종,간편하게 섭취하는 통 닭가슴살!,"1,700원",X,1팩,100g,샛별배송/택배배송,냉동/종이포장
[정미경키친] 포두부 야채말이,겨자로 포인트를 더한 가벼운 한 끼,"7,500원",X,1팩,250g,샛별배송/택배배송,냉장/종이포장
[씨튼베이커리] 유기농 시리얼 3종,유기농 곡물이 담긴 건강 시리얼,"6,800원",X,1팩,옵션별,샛별배송/택배배송,상온/종이포장
[아임닭] 한입가득 스팀 닭가슴살 4종,스팀 조리로 부드러워진,"6,400원",X,1팩,100g,샛별배송/택배배송,냉동/종이포장
[쉐푸드] 모닝 미니버거 불고기,[컬리 Only] 간편하게 즐기는 불고기 버거,"4,800원",X,1팩,259g,샛별배송/택배배송,냉장/종이포장
[온더고] 매콤불닭&치즈,불닭소스가 어우러진 닭고기 도시락,"4,500원",X,1팩,320g,샛별배송/택배배송,냉동/종이포장
[올리] 100% 메밀면,오직 메밀만으로 완성한,"2,000원",X,1봉,150g,샛별배송/택배배송,냉동/종이포장
[해화당] 매콤갈비만두,손이 가는 매콤한 감칠맛,"5,900원",X,1봉,360g,샛별배송/택배배송,냉동/종이포장
[올리] 수제 그래놀라 3종,(신규상품 추가) 유기농 귀리로 만든 수제 그래놀라,"7,633원",15%,1개,200g,샛별배송/택배배송,상온/종이포장
[미자언니네] 차돌 강된장,맛깔나게 끓인 밥도둑,"5,655원",13%,1개,300g,샛별배송/택배배송,냉동/종이포장
[비비고] 김치 왕교자 대용량 1.05kg,넉넉하게 즐기는 매콤한 왕교자,"9,900원",X,1봉,1050g,샛별배송/택배배송,냉동/종이포장
[프렙] 베이컨 할라피뇨 파스타,매콤하고 깔끔한 맛의 파스타 밀키트,"7,650원",25%,1팩,325g,샛별배송/택배배송,냉동/종이포장
[레디잇] 트러플 크림 파스타,부드러운 크림에 녹아든 트러플향,"9,900원",X,1팩,570g,샛별배송/택배배송,냉장/종이포장
[창화루] 마라 감바스,알싸한 마라향이 감도는 새우 요리,"13,900원",X,1봉,380g,샛별배송/택배배송,냉동/종이포장
[킨더가든] 우리아이 채소 품은 대구살전,생선과 채소의 영양을 한 번에,"5,900원",X,1팩,110g,샛별배송/택배배송,냉장/종이포장
[오모가리] 수제 김치찌개 2종,맛있는 김치찌개를 위한 베이스,"5,200원",X,1봉,500g,샛별배송/택배배송,냉동/종이포장
[켈로그] 건강한 곡물 그래놀라 2종,고소하고 든든한 곡물 그래놀라,"5,030원",36%,1박스,옵션별,샛별배송/택배배송,상온/종이포장
[김구원선생] 국산 두부로 만든 김치 납작 군 만두 490g,김치와 두부가 만드는 하모니,"5,950원",X,1팩,490g,샛별배송/택배배송,냉동/종이포장
[프앙세 게스트로미에] 파슬리 홍합요리,특별한 날에 어울리는 홍합 요리,"8,900원",X,1팩,125g,샛별배송/택배배송,냉동/종이포장
[마이셰프] 포크안심 찜 샐러드,따뜻해서 더 든든한 한끼 샐러드,"8,900원",X,1팩,270g,샛별배송/택배배송,냉장/종이포장
[올반] 명란 군만두 (315g X 2봉),바삭하게 퍼지는 명란의 감칠맛,"8,380원",X,1팩,315g,샛별배송/택배배송,냉동/종이포장
[농심] 신라면컵 6입,작은 컵에 쏙 담은 매콤함,"4,740원",X,1박스,390g(65gX6입),샛별배송/택배배송,상온/종이포장
[게방찬] 오징어 볶음 250g(냉동),맵지만 자꾸 끌리는,"7,800원",X,1팩,250g,샛별배송/택배배송,냉동/종이포장
[존쿡 델리미트] 세인트루이스 립 드라이럽 스타일 500g (냉동),"진짜 바베큐의 맛, 두툼한 살과 함께 올라가는 행복감(1상자/500g)","16,870원",13%,1박스,500g,샛별배송/택배배송,냉동/종이포장
[Kurly's] 우리밀 담백하게 고기 교자,국내산 재료로 가득 채운 교자 ,"4,900원",X,1팩,1팩,샛별배송/택배배송,냉동/종이포장
[삼양] 맛있는라면 비건 4입,건강하게 즐기는 비건 라면,"4,100원",X,1팩,100g,샛별배송/택배배송,상온/종이포장
[칼만스] 프로틴 바 5종,식물성 단백질을 더한,"9,900원",X,1상자,40g,샛별배송/택배배송,냉장/종이포장
[더맛있는] 소시지 볶음밥,입 안에서 톡톡 터지는 매력,"4,400원",X,1봉,230g,샛별배송/택배배송,냉동/종이포장
[해화당] 야채김치왕교자,입 안 가득 넘치는 개운한 김치왕교자,"4,200원",X,1봉,280g,샛별배송/택배배송,냉동/종이포장
[파머스핫도그] 고구마 치즈 만난 감자 핫도그,두툼한 소시지와 달콤한 고구마 치즈,"9,900원",X,1봉,150g,샛별배송/택배배송,냉동/종이포장
미고랭 스파이시 라면 400g (80g x 5입),매콤한 감칠맛의 이국적인 볶음면,"2,540원",X,1팩,80g,샛별배송/택배배송,상온/종이포장
[양평서울해장국] 장터국밥,,"3,700원",X,1팩,400g,샛별배송/택배배송,상온/종이포장
[미자언니네] 담백한 곤드레 만두,향긋함과 구수함이 함께 담긴 만두,"4,557원",7%,1팩,300g,샛별배송/택배배송,냉동/종이포장
[Kurly's] 우리밀 순수하게 비건 교자,채소만으로도 부족함 없이 즐기는 맛,"4,900원",X,1팩,1팩,샛별배송/택배배송,냉동/종이포장
[테이스티도쿄] 소고기 카레,우유와 향신료가 자아내는 풍미,"6,500원",X,1개,400g,샛별배송/택배배송,냉장/종이포장
[고메] 나폴리 마르게리타 피자,토마토와 모짜렐라의 깔끔한 조화,"6,500원",X,1박스,300g,샛별배송/택배배송,냉동/종이포장
[갤러리아 고메이494] 도원 중화 짜장,[더플라자 호텔] 수석 셰프의 레시피,"5,200원",X,1팩,200g,샛별배송/택배배송,상온/종이포장
[탄단지] 스팀오븐 닭가슴살 3종,스팀으로 쪄 더 부드러운!,"1,650원",X,1봉,100g,샛별배송/택배배송,냉동/종이포장
[마켓컬리 X 누리웰] 계란 김밥 키트,집에서 즐기는 계란 김밥,"10,800원",10%,1봉,총,샛별배송/택배배송,냉장/종이포장
[쉐푸드] 갈릭베이컨마요 김밥,알차게 담긴 고소한 감칠맛,"3,000원",X,1팩,298g,샛별배송/택배배송,냉장/종이포장
[베지가든 : 맛있는 채식 일상] 한입 완자,두부와 식물성 대체육으로 만든 한입 쏙 완자,"12,800원",X,1팩,400g,샛별배송/택배배송,냉동/종이포장
[창화당] 탱글탱글 수제 새우낙지굴림만두,"새우와 낙지가 풍성하게 들어간, 프리미엄 굴림만두","11,900원",X,1봉,500g,샛별배송/택배배송,냉동/종이포장
[체어맨스리저브] 양념소불고기 500g(냉장),은은한 단맛이 매력적인 불고기,"12,093원",13%,1팩,500g,샛별배송/택배배송,냉장/종이포장
[스마트푸드] 고바 누룽지,활용이 간편한 얇은 누룽지,"7,500원",X,1봉,300g,샛별배송/택배배송,상온/종이포장
[낭만어시장] 순살 곱도리탕,물만 더해 완성하는 얼큰한 메인 요리,"19,600원",X,1팩,750g,샛별배송/택배배송,냉동/종이포장
[이번엔 프레시닭] 수비드 닭가슴살 슬라이스 (100g x 8개입),넉넉히 즐기는 촉촉 담백한 매력,"9,800원",X,1팩,800g(100g,샛별배송/택배배송,냉동/종이포장
[제이키친] 칼볶이,호로록 즐기는 누들 떡볶이 매운맛,"6,500원",X,1봉,518g,샛별배송/택배배송,냉장/종이포장
[해화당] 얇은피 고기왕교자,얇은 피로 더욱 쫄깃해진,"4,900원",X,1봉,350g,샛별배송/택배배송,냉동/종이포장
[사조대림] 더바삭한 치킨&양념감자,함께 즐기는 순살치킨과 웨지감자,"6,980원",X,1봉,400g,샛별배송/택배배송,냉동/종이포장
[몰리노 프로젝트] 과카몰리 3종,과카몰리의 다채로운 변주,"9,900원",X,1팩,200g,샛별배송/택배배송,냉장/종이포장
[오뚜기] 카레 100g 3종(분말),간편하게 사용하는 카레 가루 3종(100g/봉),"1,850원",X,봉,100g,샛별배송/택배배송,상온/종이포장
[혼술짠] 한방 족발& 돼지 수육 반반 SET,진한 맛의 1인용 족발+수육,"7,900원",X,1팩,200g,샛별배송/택배배송,냉장/종이포장
[밥리] 밥버거 8종,간편하게 즐기는 든든한 한끼 식사,"3,200원",X,1개,250g,샛별배송/택배배송,냉동/종이포장
[풀무원] 노엣지 직화 불고기피자,든든한 불고기피자,"6,980원",X,1개,387g,샛별배송/택배배송,냉동/종이포장
[튀김공방] 크림새우,쫄깃한 튀김과 새콤달콤 소스,"8,860원",X,1봉,400g,샛별배송/택배배송,냉동/종이포장
[피자나폴리] 수제 화덕 피자 3종,화덕에 구워 진한 풍미,"8,500원",X,1개,옵션별,샛별배송/택배배송,냉동/종이포장
[감동만두] 마늘새우군만두,색다른 재료의 완벽한 조합,"5,500원",X,1팩,350g,샛별배송/택배배송,냉동/종이포장
[고온어다이어트] 떡갈비 & 현미영양밥,맛과 영양을 모두 잡은,"3,700원",X,1팩,190g,샛별배송/택배배송,냉동/종이포장
[창화당] 납작 숯불 왕군만두,숯불에 구워낸 돼지갈비를 넣어 만든 창화당 시그니처 만두,"9,900원",X,1봉,500g,샛별배송/택배배송,냉동/종이포장
[라이스웰] 황동판에 구운 찹쌀누룽지,"바삭, 쫀득, 구수한 삼 박자","15,000원",X,1통,800g,샛별배송/택배배송,상온/종이포장
[SEMIWON] 대만식 우육탕면 (리뉴얼),소고기 고명을 얹은 매콤한 탕면,"6,900원",X,1개,520g(육수350g+면170g),샛별배송/택배배송,냉동/종이포장
[올반] 옛날 통닭 2마리,"겉은 바삭, 속은 촉촉한 추억 속 그 맛! ","15,800원",X,1팩,720g,샛별배송/택배배송,냉동/종이포장
[삼양] 나가사끼짬뽕 5입,돈사골 육수의 깊은 풍미,"4,480원",X,1팩,115g,샛별배송/택배배송,상온/종이포장
[느린마을] 소고기 육전,달걀물 입은 부드러운 홍두깨살,"7,500원",X,1개,해당사항없음,샛별배송/택배배송,냉동/종이포장
[H’EATING] 제주 흑돈 크리스피 모짜렐라 핫도그,흑돼지 육즙과 모짜렐라 치즈의 고소함,"5,560원",20%,1봉,90g,샛별배송/택배배송,냉동/종이포장
[비첸향] 미니 이지 치즈,육포와 치즈의 찰떡 궁합,"21,680원",21%,1BOX,200g,샛별배송/택배배송,상온/종이포장
[부침명장] 고기완자,도톰하게 빚어 더 풍부한 맛,"6,860원",X,1봉,480g(약,샛별배송/택배배송,냉동/종이포장
[비비드키친] 주꾸미 볶음밥,매콤한 감칠맛이 배어든,"6,500원",X,1팩,230g,샛별배송/택배배송,냉동/종이포장
[CJ프레시웨이]  훈제오리,간편하게 데워 먹는 오리고기 (1팩 200g) ,"4,655원",5%,1팩,200g,샛별배송/택배배송,냉장/종이포장
[고기대신] 비건 한입 까스,탄력있는 식감으로 즐기는 식물성 고기!,"7,980원",X,1봉,280g,샛별배송/택배배송,냉동/종이포장
[우정양곱창] 곱창전골 떡볶이,컬리에서 즐기는 이색 떡볶이,"18,000원",X,1팩,1590g,샛별배송/택배배송,냉동/종이포장
[해화당]한입 쏙 굴림만두,만두소의 매력이 돋보이는,"5,200원",X,1봉,260g,샛별배송/택배배송,냉동/종이포장
[더오담] 양념 불고기 2종, 합리적인 가격대의 무항생제 오리로 만든 쫄깃 불고기,"3,808원",15%,1개,200g,샛별배송/택배배송,냉동/종이포장
[쉐프엠] 크랜베리단호박샐러드,간편하게 즐기는 컵샐러드,"2,000원",X,1개,100g,샛별배송/택배배송,냉장/종이포장
[위드진해] 한우 곱창 구이,손쉽게 완성하는 고소한 한우 곱창,"28,310원",5%,1팩,240g,샛별배송/택배배송,냉동/종이포장
[삼양] 컵 나가사끼짬뽕 6입,작은 컵으로 즐기는 칼칼한 백짬뽕,"5,520원",X,1박스,65gX6개입,샛별배송/택배배송,상온/종이포장
[크라제] 바베큐 폭립,크라제의 노하우를 담은 ,"12,665원",15%,1팩,450g,샛별배송/택배배송,냉동/종이포장
[샐러드판다] 판다의 부라타치즈 샐러드,부라타 치즈를 곁들인 샐러드!,"6,696원",7%,1팩,190g,샛별배송/택배배송,냉장/종이포장
[라비퀸] 매콤 까르보나라 떡볶이,누들 떡볶이의 독특한 매력,"5,900원",X,1팩,500g,샛별배송/택배배송,냉동/종이포장
[네떼] 1900 하루샐러드 비트&당근 105g,비트와 당근이 만나 맛과 멋을 더한 하루샐러드(1팩/105g),"1,900원",X,1팩,105g,샛별배송/택배배송,냉장/종이포장
[누리웰] 에그 스프레드,에그 샐러드가 생각날 때,"2,800원",X,1팩,200g,샛별배송/택배배송,냉장/종이포장
[한끼묵자] 상큼 고소한 흑임자 묵 샐러드키트,가볍게 즐기는 묵 샐러드 한 그릇,"9,500원",X,1팩,470g,샛별배송/택배배송,냉장/종이포장
[저스트그린] 그린샐러드 비트&당근 2종,비트와 당근으로 더한 아삭함,"1,800원",X,1팩,옵션별,샛별배송/택배배송,냉장/종이포장
[네떼] 스윗 고구마 샐러드 155g,샐러드의 정석 고구마 샐러드(1팩/155g),"3,600원",X,1팩,155g,샛별배송/택배배송,냉장/종이포장
[자문밖] 무청시래기버섯솥밥 & 한입떡갈비,고소하고 든든하게 즐기는 식사,"3,900원",X,1팩,230g,샛별배송/택배배송,냉동/종이포장
[메이티엔] 대만 샌드위치 땅콩버터,부드러움에 고소함을 더한,"1,900원",X,1개,70g,샛별배송/택배배송,상온/종이포장
[KART] 멘치카레,전문점에서 맛보던 기본카레,"3,900원",X,1팩,180g,샛별배송/택배배송,상온/종이포장
[고독한야식가] 슬라이스 족발,간편하게 즐기는 쫄깃 족발,"8,900원",X,PK,365g,샛별배송/택배배송,냉동/종이포장
[요미요미] 튼튼 시리얼 2종,영양을 고려한 우리 아이 간식,"5,900원",X,1팩,100g,샛별배송/택배배송,상온/종이포장
[하림이닭] 냉동 닭가슴살 2종,가볍게 즐기는 하림 닭가슴살!,"1,700원",X,1팩,옵션별,샛별배송/택배배송,냉동/종이포장
[오뚜기] 오뚜기밥 잡곡 3종,국산 잡곡으로 지은 즉석밥,"3,980원",X,1팩,210g,샛별배송/택배배송,상온/종이포장
[쉐푸드] 직화 동그랑땡 425g + 425g,돼지고기와 6가지 채소의 조화,"8,490원",X,1팩,425g,샛별배송/택배배송,냉동/종이포장
[농심] 튀김우동컵 6입,순하게 즐기는 한 컵 별미,"4,740원",X,1박스,372g(62g,샛별배송/택배배송,상온/종이포장
[마이셰프] 모둠닭쌈 찜 샐러드,촉촉해서 계속 당기는 닭가슴살,"9,900원",X,1팩,331g,샛별배송/택배배송,냉장/종이포장
[명인등심] 차돌된장밥 (270g*2입),고소하고 부드러운 된장죽,"9,700원",X,1봉/2입,270g*2,샛별배송/택배배송,냉동/종이포장
[모노키친] 오사카풍 모둠 쿠시카츠,다채롭게 즐기는 7종의 꼬치 튀김,"9,800원",X,1팩,370g,샛별배송/택배배송,냉동/종이포장
[고온어다이어트] 닭가슴살 & 두부스테이크,풍부한 단백질과 깊은 포만감,"3,900원",X,1,215g,샛별배송/택배배송,냉동/종이포장
[소중한식사] 더덕무침,알싸함으로 입맛 살려주는,"5,762원",14%,1팩,120g,샛별배송/택배배송,냉장/종이포장
[한만두] 촉촉한 물만두,풍성한 육즙을 담아낸 촉촉한 물만두,"3,900원",X,PK,315g,샛별배송/택배배송,냉동/종이포장
"[Kurly's] 간편하게 바삭, 통가슴살 치킨 커틀렛 200g","담백함은 그대로, 고소함은 가득","2,500원",X,1봉,200g,샛별배송/택배배송,냉동/종이포장
[애슐리] 시카고 딥디쉬 피자,치즈 듬뿍 두툼하게 즐기는 피자,"6,900원",X,1봉,411g,샛별배송/택배배송,냉동/종이포장
[간편 샐러드] 손질 로메인 40g,부드럽고 산뜻한 매력(40g/1팩),"1,800원",X,1팩,40g,샛별배송/택배배송,냉장/종이포장
[베지가든 : 맛있는 채식 일상] 함박 스테이크 2종,고기 식감 그대로 비건 함박 스테이크,"11,800원",X,1개,제품별상이(하단참조),샛별배송/택배배송,냉동/종이포장
[호라푸드] 시나몬 츄러스,집에서 만나는 달큰한 츄러스,"3,980원",X,1봉,220g,샛별배송/택배배송,냉동/종이포장
[뉴델리 :진한 인도 커리의 맛] 양고기 토마토  커리,손쉽게 경험하는 인도 정통 커리,"9,000원",X,1팩,180g,샛별배송/택배배송,냉동/종이포장
문어 닮은 소떡 500g,귀여운 문어 모양 소시지 떡,"6,900원",X,1팩,500g,샛별배송/택배배송,냉동/종이포장
[레디잇] 토마토 치킨커리,달큰해서 아이들 식사로도 제격,"4,900원",X,1팩,320g,샛별배송/택배배송,냉장/종이포장
[피코크] 차돌박이 된장찌개,차돌박이로 더 진득하고 더 깊게 즐겨보는 든든한 된장찌개 한 그릇!,"5,480원",X,1개,500g,샛별배송/택배배송,냉장/종이포장
[비비고] 시원 바지락 칼국수,바지락 순살이 들어가 개운한 맛,"7,480원",X,1팩,642g/321gx2개입,샛별배송/택배배송,냉동/종이포장
[엄마밥상] 사골 황태미역국,속을 따뜻하게 데워줄 한 그릇,"7,300원",X,1팩,600g,샛별배송/택배배송,냉동/종이포장
한끼 십리향,구수한 향이 가득한 밥 한 끼(3개입),"4,500원",X,3개입,200g*3개입,샛별배송/택배배송,냉장/종이포장
[저스트그린] 불고기 포테이토 샐러드 238g,불고기와 감자로 완성된 감칠맛,"5,900원",X,1팩,238g,샛별배송/택배배송,냉장/종이포장
[라비퀸] 오리지널 떡볶이,누들 떡볶이의 독특한 매력,"4,720원",20%,1팩,500g,샛별배송/택배배송,냉동/종이포장
[고메공방] 우리밀로 만든 흑미호떡,흑미찹쌀로 쫄깃함을 더한,"5,500원",X,1pack,500g(50gX10ea),샛별배송/택배배송,냉동/종이포장
[언리미트] 민스 (다짐육) 230g,요리를 즐겁게 만드는 대체육!,"6,090원",30%,1팩,230g,샛별배송/택배배송,냉동/종이포장
[에어프라이어] 바삭한 제주흑돼지 돈까스,고소한 흑돼지 돈까스를 간편하게,"6,900원",X,1봉,300g,샛별배송/택배배송,냉동/종이포장
[해화당] 대왕만두 달콤폭립,큼직한 만두 속에 달달함 가득,"1,450원",X,1봉,90g,샛별배송/택배배송,냉동/종이포장
[햇반] 매일 콩잡곡밥 2종, 고소한 병아리콩이 들어간 ,"1,880원",X,낱개/묶음,210g/210gx8개입,샛별배송/택배배송,상온/종이포장
[무화당] 곤약곤드레나물밥&매콤닭가슴살,알룰로스로 맛을 낸 든든한 한끼,"6,500원",X,1팩,250g,샛별배송/택배배송,냉동/종이포장
[쉐푸드] 참치 김밥,담백 고소한 매력의 김밥,"3,000원",X,1팩,323g,샛별배송/택배배송,냉장/종이포장
[마켓오네이처] 오! 그래놀라바 4종,가방에 쏙~ 허기를 달래주는 고소한 영양바 (new! 옵션추가),"3,980원",X,1상자,옵션별,샛별배송/택배배송,상온/종이포장
[이태리돈까스] 투움바 파스타&함박,투움바 소스의 파스타와 함박스테이크를 한 번에!,"6,500원",X,1팩,353g,샛별배송/택배배송,냉동/종이포장
[아임닭] 닭가슴살 스테이크 3종,칼로리 걱정 없는 스테이크,"2,100원",X,1팩,100g,샛별배송/택배배송,냉동/종이포장
[맛의고수] 쫄깃한 오소리감투,매콤함을 더해 단독 메뉴로 즐기는 별미! ,"5,900원",X,1팩,200g,샛별배송/택배배송,냉동/종이포장
춘천 국물 닭갈비 떡볶이,닭갈비와 떡볶이의 오묘한 조화,"11,900원",X,1개,950g,샛별배송/택배배송,냉동/종이포장
[스위트베네] 미니 고구마 4종,앙증맞은 한입 사이즈의 고구마!,"1,900원",X,1통,옵션별,샛별배송/택배배송,냉동/종이포장
[온더고] 규동&계란말이,불맛이 전해지는 규동 정식,"4,500원",X,1팩,320g,샛별배송/택배배송,냉동/종이포장
[심플잇] 단백질바 2종(박스/낱개),단백질을 맛있게 섭취하는 방법,"12,000원",X,1개/1박스,50g/600g,샛별배송/택배배송,상온/종이포장
[소중한식사] 꼬마김밥 키트,간편하게 만드는 한입 별미 김밥,"5,418원",14%,2팩,250g,샛별배송/택배배송,냉장/종이포장
[더플랜] 안심 치킨칩스,얇게 썰어 바삭바삭! 치킨칩스,"4,900원",X,1팩,200g,샛별배송/택배배송,냉동/종이포장
[세미계] 파김치 닭가슴살 볶음밥,잘 익은 파김치의 풍미 가득,"7,800원",X,1팩,468g,샛별배송/택배배송,냉동/종이포장
[뚝심] 고깃집 진한 된장찌개,구수함 가득 깊은 국물 맛,"7,900원",X,1팩,600g,샛별배송/택배배송,냉동/종이포장
[메이티엔] 대만 샌드위치 햄치즈,폭신폭신 매력적인 맛,"1,900원",X,1개,75g,샛별배송/택배배송,상온/종이포장
[상하키친] 정통카레 3종,정성이 담긴 슬로우 쿠킹 카레,"2,980원",X,1개,170g,샛별배송/택배배송,냉장/종이포장
[샘표국시] 비빔국수,입에 착 붙는 매콤새콤한 맛,"1,100원",X,1개,135g,샛별배송/택배배송,상온/종이포장
[그래놀라하우스] 피넛버터 그래놀라 스낵,단짠매력의 피넛버터 그래놀라 스낵!,"4,500원",X,1봉,120g,샛별배송/택배배송,상온/종이포장
[비비고] 죽 시리즈 5종,간단하게 데워먹는 레토르트 죽,"3,180원",X,1봉,420g,샛별배송/택배배송,상온/종이포장
[반할만떡] 당면 만두,당면으로 가득찬 튀김 만두,"6,900원",X,1봉,630g,샛별배송/택배배송,냉동/종이포장
[햇반] 백미밥 210g (1입/6입),"갓 지은 밥 맛! 햇반을 낱개로, 6개입으로 알뜰하게 구매하세요! ","1,200원",X,품목별,품목별,샛별배송/택배배송,상온/종이포장
[창화당] 새우지짐만두,통새우가 먹음직스럽게 들어간 지짐만두,"13,000원",X,1봉,400g,샛별배송/택배배송,냉동/종이포장
[루토사] 플레인 매쉬드 포테이토 1kg,우유나 물로 간단하게 만드는 루토사,"6,500원",X,1봉지,1kg,샛별배송/택배배송,냉동/종이포장
"[Kurly's] 우리밀, 간편 찐만두",안심하고 즐기는 육즙 듬뿍 만두,"2,200원",X,봉,180g,샛별배송/택배배송,냉동/종이포장
[외할머니댁] 차돌 된장찌개,담백한 차돌양지가 돋보이는 된장찌개,"7,500원",X,1팩,660g,샛별배송/택배배송,냉동/종이포장
[자문밖] 다섯가지나물솥밥 & 포크안심스테이크,산뜻하고 든든하게 즐기는 도시락,"3,900원",X,1팩,230g,샛별배송/택배배송,냉동/종이포장
[킨더가든] 우리아이 채소달걀찜,더욱 부드러운 식감,"2,500원",X,1팩,130g,샛별배송/택배배송,냉장/종이포장
[키플] 발사믹 비비큐 미트볼,미트볼과 채소의 달큰한 궁합,"8,000원",X,1팩,250g,샛별배송/택배배송,냉동/종이포장
[켈로그] 콘푸로스트 300g,꾸준히 사랑받는 대표 시리얼,"3,000원",16%,해당사항없음,해당사항없음,샛별배송/택배배송,상온/종이포장
[더오담] 사각 미니 돈까스 3종 (소포장),(에어프라이어 전용) 한입에 먹기 좋은 미니 돈까스,"2,450원",X,1팩,140g~150g,샛별배송/택배배송,냉동/종이포장
[굽네] 볼케이노 치밥,간단하게 즐기는 매콤함,"2,700원",X,1팩,200g,샛별배송/택배배송,냉동/종이포장
[가농바이오] 에그틴,삶은 달걀 흰자와 동일한 식감과 맛,"6,944원",20%,1봉,600g(60g*10개입),샛별배송/택배배송,냉장/종이포장
[엄마밥상] 사골 황태국,황태에 사골을 더해 더 시원한 맛,"6,900원",X,1봉,600g,샛별배송/택배배송,냉동/종이포장
[풀무원] 얇은피꽉찬속 만두 2종,풍성한 소가 훤히 비치는 만두,"3,680원",X,1봉,320g,샛별배송/택배배송,냉동/종이포장
[라이스웰] 황동판에 구운 현미 누룽지,고소함이 남다른 현미 누룽지,"13,500원",X,1통,800g,샛별배송/택배배송,상온/종이포장
[도리깨침] 미니 월남쌈 (1인분),혼자서도 부담 없는 양,"9,700원",X,1팩,350g,샛별배송/택배배송,냉장/종이포장
[튀김공방] 모둠 튀김,집에서 만나는 인기 튀김 3종!,"6,800원",X,1봉,350g,샛별배송/택배배송,냉동/종이포장
강원도 막국수와 메밀전병,한 번에 맛보는 강원도의 정취,"6,200원",X,1개,518g,샛별배송/택배배송,냉동/종이포장
[고메] 모짜렐라 돈카츠,녹진하게 흘러 나오는 모차렐라 치즈,"7,950원",X,1봉,450g,샛별배송/택배배송,냉동/종이포장
[조단스] 오트 시리얼 3종,신선한 귀리가 선사하는 풍부한 영양,"8,900원",19%,1개,제품별상이,샛별배송/택배배송,기타
[금미옥] 국물 떡볶이,달큰한 추억의 맛이 새록새록,"4,165원",15%,1팩,480g,샛별배송/택배배송,냉동/종이포장
[소이연남] 똠얌 쌀국수,"강렬한 향, 중독적인 국물 맛","8,500원",X,1팩,770g,샛별배송/택배배송,냉동/종이포장
[탐육] 토마토 미트볼,고급스러운 풍미와 새콤한 토마토 소스,"10,800원",X,1봉,상세페이지,샛별배송/택배배송,냉동/종이포장
[김구원선생] 전통 순두부 400g,국산 콩이 부드럽게 응축된,"1,700원",X,1봉,400g,샛별배송/택배배송,냉장/종이포장
[담꽃] 단팥죽과 무가당 통팥죽 (냉동),넉넉한 한 그릇의 호사,"5,500원",X,1팩,250g,샛별배송/택배배송,냉동/종이포장
[농심] 신라면 건면 컵 77g,한 컵에 담아낸 가뿐한 얼큰함 (77g/1컵),"1,280원",X,1컵,77g,샛별배송/택배배송,기타
[미트클레버] 한돈 떡갈비,간편하게 즐기는 도톰한 떡갈비,"2,900원",X,1팩,120g,샛별배송/택배배송,냉동/종이포장
[My little recipe] 콩향이 가득한 전통안동국시 2인분 세트,야들야들 고소한 면발,"9,900원",X,1팩,442g,샛별배송/택배배송,냉장/종이포장
[굽네] 닭가슴살 볶음밥 3종,가볍게 즐기는,"2,700원",X,1팩,200g,샛별배송/택배배송,냉동/종이포장
[하코야] 고로케 커리,고소한 감자 고로케와 커리의 만남,"8,900원",X,1팩,606g,샛별배송/택배배송,냉동/종이포장
[에머이] 소고기 쌀국수 키트 (2인분),간편하게 즐기는 현지의 맛,"9,800원",X,1봉,면과,샛별배송/택배배송,냉동/종이포장
[켈로그] 콘푸로스트 660g,꾸준히 사랑받는 대표 시리얼,"6,900원",X,1박스,660g,샛별배송/택배배송,상온/종이포장
[네떼] 아삭아삭 샐러드 65g,비트의 아삭함을 더한 샐러드(1팩/65g),"1,600원",X,1팩,65g,샛별배송/택배배송,냉장/종이포장
[삼양] 볶음 짜짜로니 5입,전통 볶음 짜장의 진한 맛,"3,880원",X,1팩,140g,샛별배송/택배배송,상온/종이포장
[올면] 쫄깃한 보리쫄면,구수함이 깃든 매콤달콤한 쫄면,"5,800원",X,1개,560g,샛별배송/택배배송,냉동/종이포장
[아임웰] 굿밸런스 빅사이즈 도시락 5종,넉넉한 양으로 든든한 6종 도시락!,"5,900원",X,1팩,335g,샛별배송/택배배송,냉동/종이포장
[오뚜기] 컵밥 국밥 6종,간편하게 즐기는 국밥 한그릇,"3,390원",X,EA,상품별,샛별배송/택배배송,상온/종이포장
[전주 베테랑] 고기만두,집에서 만나는 전주 유명 맛집,"5,800원",X,1팩,420g,샛별배송/택배배송,냉동/종이포장
[도리깨침] 들기름 깻잎국수 키트,고소함 가득 향긋한 국수,"9,900원",X,1팩,310g,샛별배송/택배배송,냉장/종이포장
[MY KITCHEN] 정통 미국식 에그 샐러드,탱탱한 식감과 고소한 맛,"3,900원",X,1,180g,샛별배송/택배배송,냉장/종이포장
[베리발] 유기농 시리얼 7종,다채로운 토핑이 풍요롭게 살아있는 시리얼,"8,670원",12%,1상자,옵션별,샛별배송/택배배송,상온/종이포장
[크레이브푸드] 치미추리 후무스 200g,이국적인 향이 듬뿍,"5,300원",X,1팩,200g,샛별배송/택배배송,냉장/종이포장
[노던골드] 퀵오트밀,귀리가 전하는 풍부한 영양,"4,980원",X,1통,510g,샛별배송/택배배송,상온/종이포장
[봉식탁] 봉피양 평양냉면,벽제갈비 '봉피양' 에서 온 진짜 평양냉면!,"7,600원",5%,1봉,600g,샛별배송/택배배송,냉동/종이포장
[천일식품] 육수에 말아먹는 새우튀김소바,시원하고 깔끔한 맛의 냉소바,"7,980원",X,1팩,"1,172g",샛별배송/택배배송,냉동/종이포장
[쉐푸드] 한식 다찬도시락 12찬,다채롭게 담은 12가지 반찬,"5,300원",X,1팩,511g,샛별배송/택배배송,냉장/종이포장
[네이쳐패스] 에스프레소 바닐라 크림,향긋한 커피향의 유기농 그래놀라,"8,980원",X,1팩,325g,샛별배송/택배배송,상온/종이포장
[하늘농가] 렌지쿡 국산 나물비빔밥 3종,슴슴한 맛이 매력적인 나물 비빔밥!,"3,500원",X,1팩,215g,샛별배송/택배배송,냉동/종이포장
[수퍼판] 소고기 듬뿍 기름 떡볶이,수퍼판의 인기 메뉴,"5,250원",30%,1팩,298g,샛별배송/택배배송,냉동/종이포장
[미식여행] 김치 어묵 우동,휴게소에서 먹던 그 맛,"7,000원",X,1팩,1.05kg,샛별배송/택배배송,냉동/종이포장
[마이셰프] 감바스알아히요 & 파스타,감바스와 오일 파스타를 한 팩에,"15,840원",20%,1팩,799g,샛별배송/택배배송,냉장/종이포장
[명성] 양념바닷장어,속까지 촉촉한 장어구이,"11,900원",X,1팩,1마리,샛별배송/택배배송,냉동/종이포장
[엄마밥상] 갈비 된장찌개,갈비로 감칠맛을 살린,"8,500원",X,1팩,700g,샛별배송/택배배송,냉동/종이포장
[마이셰프] 소고기 팟타이,집에서 즐기는 동남아의 정취,"7,920원",20%,1팩,400g,샛별배송/택배배송,냉장/종이포장
[피그인더가든] 가든믹스 베이직샐러드,케일과 로메인을 더한 간편 샐러드,"1,980원",X,1통,80g,샛별배송/택배배송,냉장/종이포장
[한팟] 엑스라지 부대찌개 3240g(냉장),푸짐한 구성의 대용량 부대찌개 키트,"14,787원",7%,1팩,"3,240g",샛별배송/택배배송,냉장/종이포장
[네떼] 스틱채소 플래터 250g,"샐러리, 당근, 방울토마토를 알뜰하게 담은 플래터(1팩/250g)","3,700원",X,1팩,250g,샛별배송/택배배송,냉장/종이포장
[네떼] 리코타 과일 샐러드 165g,신선한 과일과 함께 즐기는 한 끼 샐러드(165g/팩),"3,900원",X,1팩,165g,샛별배송/택배배송,냉장/종이포장
[퀘이커] 마시는 오트밀 2종,고소하게 챙기는 오트밀 파우더,"1,580원",1%,1통,50g,샛별배송/택배배송,상온/종이포장
[창화루] 새우쇼마이,꽃처럼 피어난 탱글한 딤섬,"13,500원",X,1봉,300g/30gx10개입,샛별배송/택배배송,냉동/종이포장
[KART] 버섯 비프 카레,버섯과 소고기 토핑이 듬뿍,"3,900원",X,1봉,150g,샛별배송/택배배송,상온/종이포장
[SEMIWON] 한 번 튀긴 스프링롤과 스위트칠리소스,쫄깃 바삭한 스프링롤의 식감,"6,900원",X,1팩,스프링롤(30g*10개)/칠리소스100g,샛별배송/택배배송,냉동/종이포장
[마이셰프] 소고기고추잡채 & 꽃빵,구성품 탄탄한 중화요리 밀키트,"13,230원",30%,1팩,895g,샛별배송/택배배송,냉장/종이포장
[어게인리프레쉬] 샐러드 5종,내 취향에 맞는 샐러드 고르기,"5,900원",X,PK,옵션별,샛별배송/택배배송,냉장/종이포장
[리치] 플랫브레드,"샌드위치, 피자로 다양하게 활용","5,900원",X,1봉,34g,샛별배송/택배배송,냉동/종이포장
[진실된손맛] 뼈없는 인삼 갈비탕,손 안 대고 먹는 갈비탕 한 그릇,"7,700원",X,1팩,700g,샛별배송/택배배송,냉동/종이포장
[소중한식사] 숙쌈&두부쌈장 키트,뚝딱 만들어 먹는 건강 채소 쌈밥,"6,708원",14%,1팩,240g,샛별배송/택배배송,냉장/종이포장
[Tasty..in] 베이컨야채볶음밥&닭가슴살라따뚜이,[더바른도시락 시즌2] 세계의 맛을 담은 맛있는 도시락!,"4,100원",X,1개,215g,샛별배송/택배배송,냉동/종이포장
[더플랜] 트리플치즈 고구마 춘권,달콤한 고구마와 짭조름한 치즈의 만남,"5,900원",X,1봉,40g,샛별배송/택배배송,냉동/종이포장
[그리팅] 유면가X주옥 약고추장 깻잎면,색다르게 즐기는 면 요리,"13,500원",X,1개,386g,샛별배송/택배배송,냉동/종이포장
[진실된손맛] 한돈 떡갈비,부드럽게 즐기는 간편 떡갈비,"3,500원",X,1팩,160g,샛별배송/택배배송,냉동/종이포장
[미자언니네] 육즙가득 우삼겹배추 만두,신선하게 빚은 다채로운 맛과 식감,"4,557원",7%,1팩,300g,샛별배송/택배배송,냉동/종이포장
[밥이야] D.I.Y 초밥이야 10P,재료를 올려 직접 완성하는 초밥,"2,500원",X,1팩,150g,샛별배송/택배배송,냉동/종이포장
[투뿔등심] 차돌볶음밥,집에서 만나는 시그니처 볶음밥,"8,500원",X,1팩,500g,샛별배송/택배배송,냉동/종이포장
[유기샘] 똑똑한 한끼견과 32g,우리 땅에서 키운 곡물과 견과로 기르는 건강한 습관 (1봉/32g),"2,600원",X,1봉,32g,샛별배송/택배배송,냉장/종이포장
"[LOTS OF GREEN] 콩으로,라구소스",콩고기를 사용해 더욱 담백한,"3,900원",X,1팩,180g,샛별배송/택배배송,냉장/종이포장
[베지가든 : 맛있는 채식 일상] 속이보이는 알찬만두 2종,대체육과 야채를 알차게 채우고 감자피로 만든 만두,"3,200원",X,1팩,30gx6개입,샛별배송/택배배송,냉동/종이포장
[신의주 찹쌀순대] 옛 찰순대,옛 맛이 그대로 살아있는,"3,980원",X,1묶음,250g,샛별배송/택배배송,냉장/종이포장
[유가원] 유기농 그래놀라 4종,엄선된 유기농 곡물과 건과일로 만든 그래놀라,"7,030원",6%,1개,용량,샛별배송/택배배송,냉장/종이포장
[농심] 육개장 사발면 86g,얇은 면발과 진한 국물의 조화,750원,X,1컵,86g,샛별배송/택배배송,상온/종이포장
[호떡당] 견과호떡,한입 가득 고소한 식감,"4,900원",X,1봉,350g,샛별배송/택배배송,냉동/종이포장
[계절밥상] 매운고추장 쪽갈비,알싸한 감칠맛이 은은하게 감도는,"12,000원",X,1팩,500g,샛별배송/택배배송,냉동/종이포장
[그로서리서울] 찰보리 흑미 곤약밥 2종,찰보리와 곤약쌀로 즐기는 가벼운 밥 한끼!,"2,600원",X,1개입/4개입,140g/140gx4개,샛별배송/택배배송,상온/종이포장
[Better me] 냉동 닭가슴살 4종,"Better me 오리지널의 식감은 살리고 염도는 줄인(낱개 구매 가능)
","1,700원",X,1개,품목별,샛별배송/택배배송,냉동/종이포장
[화오미] 마라샹궈,알싸한 마라향의 향연,"7,200원",X,1팩,250g,샛별배송/택배배송,냉동/종이포장
[50년 전통 시청 유림면] 메밀국수,오랜 비법을 담아 완성,"10,900원",X,1팩,849.4g,샛별배송/택배배송,냉동/종이포장
[고메] 통등심 돈카츠,한 번 튀겨 속까지 익은 맛있는 돈카츠!,"6,540원",17%,1봉,450g,샛별배송/택배배송,냉동/종이포장
[백설] 납작군만두 1.4kg,노릇노릇 구워 즐기는 감칠맛,"9,980원",X,1팩,1.4kg,샛별배송/택배배송,냉동/종이포장
[서울마님죽] 해신죽,낙지와 전복을 넣어 더욱 든든한,"4,900원",X,1봉,300g,샛별배송/택배배송,냉장/종이포장
[아임웰] 스팀으로 쪄낸 한입 밤고구마,큐브 형태로 편하게 맛보는,"1,500원",X,1개,100g,샛별배송/택배배송,냉동/종이포장
[팔도] 비빔면 5입,어떻게 비벼도 맛있는,"4,200원",X,1봉,130gX5개입,샛별배송/택배배송,상온/종이포장
[삼립] 잉글리쉬머핀 6입,"든든한 아침, 잉글리쉬머핀(140gx6개입)","13,500원",X,1봉,140gx6개입,샛별배송/택배배송,냉동/종이포장
[비비고] 왕만두 대용량 1.05kg,크기도 양도 넉넉하게 즐기는,"9,980원",X,1봉,1050g,샛별배송/택배배송,냉동/종이포장
[산줄리아노] 바베큐 폭립 2종,이것은 모짜렐라인가  폭립인가?   바베큐&모짜렐라 폭립 2종 출시! ,"15,900원",X,1개,500g/,샛별배송/택배배송,냉동/종이포장
[온더고] 해물잡채 & 볶음밥,간단하게 즐기는 중화풍 식사,"4,500원",X,1팩,300g,샛별배송/택배배송,냉동/종이포장
[티엔미미] 정지선의 마라수정교자,은은한 마라향이 매력적인 수정교자,"8,800원",X,1팩,567g,샛별배송/택배배송,냉동/종이포장
[유가원] 유기농 오트밀 포리지,따뜻하게 즐기는 유기농 간편식,"7,900원",X,1통,180g,샛별배송/택배배송,상온/종이포장
[풀무원] 자연은 맛있다 백면 4개입,개운하게 즐기는 조개 탕면,"3,980원",X,1봉,101.5g*4개입,샛별배송/택배배송,상온/종이포장
[청정원] 라이틀리 곤약물냉면,가볍게 즐기는 냉면 한 그릇,"3,150원",X,1팩,440g,샛별배송/택배배송,상온/종이포장
[FARM79] 너의 하루 7종,삶의 여유를 선물하는 한 끼 ,"3,200원",X,1병,50g,샛별배송/택배배송,상온/종이포장
[쉐프엠] 아몬드고구마샐러드,가볍게 즐기는 컵샐러드,"1,700원",15%,1개,100g,샛별배송/택배배송,냉장/종이포장
[고온어다이어트] 단호박밥 & 토마토 미트볼,담백하게 즐기는 든든한 도시락,"4,000원",X,1개,200g,샛별배송/택배배송,냉동/종이포장
[샘표국시] 쟁반 비빔 막국수,상큼하게 즐기는 막국수,"1,100원",X,1개,126g,샛별배송/택배배송,상온/종이포장
[AXA] 스웨덴식 골드 뮤즐리 3종,균형 있는 삶을 위한 스웨덴식 아침 ,"14,500원",X,1개,옵션,샛별배송/택배배송,상온/종이포장
[더오담] 고구마 치즈 돈까스 3입(에어프라이어),담백한 등심과 고소한 치츠의 만남,"7,200원",X,1개,390g,샛별배송/택배배송,냉동/종이포장
[SEMIWON] 사천 마라탕면(리뉴얼),집에서 제대로 즐기는 마라탕 한 그릇,"6,900원",X,1개,520g,샛별배송/택배배송,냉동/종이포장
[꽃보다쌀] 물냉면,국내산 쌀과 메밀가루로 만든 쫄깃한 면과 시원한 동치미 육수!,"5,900원",X,1봉,컨텐츠참조,샛별배송/택배배송,냉장/종이포장
[켈로그] 스페셜K 오리지널 480g,9가지 비타민과 3가지 미네랄로 건강하게,"5,520원",X,해당사항없음,해당사항없음,샛별배송/택배배송,상온/종이포장
[마이비밀] 다이어트 도시락 6종,걱정없는 든든한 한끼,"4,200원",X,1팩,옵션별,샛별배송/택배배송,냉동/종이포장
[뉴델리 :진한 인도 커리의 맛] 치킨 마살라 커리,이국적인 매력의 매콤한 커리,"8,000원",X,1팩,180g,샛별배송/택배배송,냉동/종이포장
[농심] 짜왕 멀티팩 (4개입),집에서 즐기는 진한 볶음 짜장,"4,280원",X,1봉지,134g,샛별배송/택배배송,상온/종이포장
[푸드밀리] 순한 양념 닭발,오독오독 씹히는 무뼈 닭발,"9,180원",15%,1팩,400g,샛별배송/택배배송,냉동/종이포장
미고랭 오리지널 컵라면 70g,간편하게 즐기는 동남아식 볶음면,"1,080원",X,1컵,70g,샛별배송/택배배송,상온/종이포장
[샐러딩] 리코타 치즈 샐러드 137g,손쉽게 즐기는 브런치(137g/1팩),"5,800원",X,1팩,137g,샛별배송/택배배송,냉장/종이포장
[하이포크] 기사식당 돼지 불백,,"9,900원",X,1팩,400g,샛별배송/택배배송,냉동/종이포장
[무빙마운틴] 식물성 민스(분쇄형태) 247g,다양하게 활용할 수 있는 식물성 다짐육,"10,980원",X,1팩,247g,샛별배송/택배배송,냉동/종이포장
[파아프] 템페,고소한 맛과 진한 풍미의 템페!,"5,000원",X,1팩,200g,샛별배송/택배배송,냉동/종이포장
[우주인피자] 허니 갈릭 페퍼로니,인기 토핑의 쫄깃하고 짭짤한 만남,"11,900원",X,1개,394g,샛별배송/택배배송,냉동/종이포장
[정미경키친] 게맛살오이샐러드,고소하고 아삭한 한 끼 샐러드,"4,420원",15%,1통,150g,샛별배송/택배배송,냉장/종이포장
[크라제] 크리스피 모짜렐라 치즈 핫도그,"달콤한 연유빵에 치즈 반, 소시지 반","5,980원",X,1봉,350g(70g*5개입),샛별배송/택배배송,냉동/종이포장
[하림] 냉장 닭가슴살 4종,간편하게 꺼내먹는 냉장 닭가슴살!,"1,700원",X,1팩,옵션별,샛별배송/택배배송,냉장/종이포장
[달구지푸드] 초벌 돼지막창 620g,2가지 소스에 찍어 먹는 돼지 막창,"15,500원",X,1팩,620g,샛별배송/택배배송,냉동/종이포장
[바삭연구소] 냉동 튀김용 새우,소리까지 바삭한 한 입 (10개입),"6,900원",X,1팩,20g,샛별배송/택배배송,냉동/종이포장
[석관동 떡볶이] 석관동 모듬튀김,"매콤한 국물에 콕, 소용량 튀김 모둠","3,500원",X,1팩,220g,샛별배송/택배배송,냉동/종이포장
[프레시메이드] 나주 곰탕,맑지만 깊이 있는 국물!,"5,900원",X,1팩,500g,샛별배송/택배배송,냉동/종이포장
[피그인더가든] 프레쉬믹스 베이직샐러드,간편하게 즐기는 알록달록 샐러드,"1,980원",X,1통,70g,샛별배송/택배배송,냉장/종이포장
[청담동 피양옥] 이북식 만두,슴슴한 맛이 매력적인 만두,"9,500원",X,1팩,450g,샛별배송/택배배송,냉동/종이포장
[비비고] 노릇노릇 구운 주먹밥 4종,간편하게 챙겨먹는 한 끼 주먹밥,"6,480원",7%,1팩,100gx5개입,샛별배송/택배배송,냉동/종이포장
[심플로트] 냉동 아보카도 다이스 컷,샐러드나 피자 토핑으로 톡톡,"11,950원",X,1봉,908g,샛별배송/택배배송,냉동/종이포장
[얼리키친] 그래놀라 6종,건강한 재료들로 정성껏 구워낸,"10,700원",X,1봉,200g,샛별배송/택배배송,상온/종이포장
[네이쳐패스] 러브크런치 애플 앤 치아,유기농 곡물과 견과류가 듬뿍,"7,890원",X,1팩,325g,샛별배송/택배배송,상온/종이포장
[두부씨의 건강한끼] 푸짐한 포두부 월남쌈 (리뉴얼),쫄깃한 포두부에 채소 한가득,"14,900원",X,1개,735g,샛별배송/택배배송,냉장/종이포장
[마이하노이] 고기폭탄쌀국수,"신사동 가로수길, 하노이식 정통 쌀국수 집","6,900원",X,1팩,750g,샛별배송/택배배송,냉동/종이포장
[우리밀] 생생 감자 옹심이 150g,전통 방식으로 빚은 푸근한 맛,"2,400원",X,1봉,150g,샛별배송/택배배송,냉동/종이포장
[강창구찹쌀진순대] 진찰순대,순대 한 점에 담긴 쫀득함,"3,600원",X,1팩,300g,샛별배송/택배배송,냉장/종이포장
[저스트그린] 리코타 하비스트 샐러드 285g,리코타와 발사믹의 감미로운 조화 (1팩/285g),"6,900원",X,1팩,285g,샛별배송/택배배송,냉장/종이포장
[마니커F&G] 옛날통닭 바사삭 치킨윙 400g,기름에 튀기지 않고 더욱 바삭바삭하게,"6,980원",X,1봉,400g,샛별배송/택배배송,냉동/종이포장
친환경 손질 유러피안 샐러드 6종,유럽종 채소가 전하는 싱그러움,"2,350원",X,1팩,옵션별,샛별배송/택배배송,냉장/종이포장
[미자언니네] 연잎밥,찹쌀밥에 스며든 연잎의 향긋한 향,"6,324원",7%,1팩,230g,샛별배송/택배배송,냉동/종이포장
[팜에이트] 데리야끼 치킨 샐러드 170g,닭안심살 구이와 새콤한 드레싱이 만난,"4,950원",X,1팩,170g,샛별배송/택배배송,냉장/종이포장
[미자언니네] 호박죽 (냉동),잘 익은 샛노란 호박의 은은한 단맛,"5,848원",14%,1팩,500g,샛별배송/택배배송,냉동/종이포장
[샐러드판다] 누들 샐러드 5종,씹는 즐거움을 더한 간편 샐러드,"4,836원",7%,1통,품목별,샛별배송/택배배송,냉장/종이포장
[신사동백반] 들깨 느타리무나물,층층이 고소함을 얹은 무나물,"3,900원",X,1팩,200g,샛별배송/택배배송,냉장/종이포장
[오뚜기] 진라면 순한맛 5입,진하면서도 덜 자극적인,"3,100원",X,1팩,600g(120g,샛별배송/택배배송,상온/종이포장
[샐러딩] 멕시칸 수비드 닭가슴살 샐러드,남미의 풍미로 즐기는 이색적인 닭가슴살,"6,200원",X,1통,205g,샛별배송/택배배송,냉장/종이포장
[조단스] 뮤즐리 & 그래놀라 5종,영국 150년 전통의 뮤즐리 & 그래놀라! 통곡물 그대로 건강한 시리얼,"8,900원",X,1팩,제품병,샛별배송/택배배송,상온/종이포장
[우주인피자] 마르게리따,집에서 만나는 피자계의 클래식,"11,900원",X,1개,314g,샛별배송/택배배송,냉동/종이포장
[게방식당] 국내산 꽃게살 비빔,매콤달콤 양념장에 버무린 통통한 꽃게살,"17,226원",13%,1통,180g,샛별배송/택배배송,냉장/종이포장
[사조대림] 오리엔탈 샐러드 곤약,가볍게 즐기는 곤약면,"2,000원",X,1봉,200g,샛별배송/택배배송,냉장/종이포장
[올면] 속초식 명태 회냉면,쫀득한 명태회와 새콤달콤한 육수의 만남을 맛보세요!,"9,800원",X,1개,560g(2개입),샛별배송/택배배송,냉동/종이포장
[칠갑농산] 생칼국수 400g,두루 사용하는 부드러운 생면,"1,900원",X,1봉,400g,샛별배송/택배배송,냉장/종이포장
[쮸즈] 새우탕면,맑은 국물의 홍콩식 면 요리,"7,900원",X,1팩,540g,샛별배송/택배배송,냉동/종이포장
[온더고] 오븐닭구이&마크니커리,커리와 담백한 닭다리 구이의 만남,"4,500원",X,1팩,290g,샛별배송/택배배송,냉동/종이포장
[루토사]  슈스트링 포테이토 프라이 400g,바삭하고 짭짤한 감자튀김의 대명사,"2,970원",X,1봉,400g,샛별배송/택배배송,냉동/종이포장
[모노키친] 육해공튀김,한 번에 즐기는 세 가지 매력,"9,980원",X,1팩,450g,샛별배송/택배배송,냉동/종이포장
[My little recipe] 안동에서 올라온 매콤치즈찜닭 (2인용),직접 손쉽게 만드는 매콤한 찜닭,"17,900원",X,1팩,1430g,샛별배송/택배배송,냉장/종이포장
[탄단지] 호주산 설도 슬라이스 500g (냉동),단백질! 닭가슴살로만 드실거에요?,"11,000원",X,1팩,500g,샛별배송/택배배송,냉동/종이포장
[모노키친] 마파두부,손쉽게 완성하는 사천식 마파두부,"6,900원",X,1팩,300g,샛별배송/택배배송,냉동/종이포장
[친한] 닭가슴살 소시지 3종,담백하게 즐기는 쫄깃한,"4,300원",X,1팩,200g,샛별배송/택배배송,냉장/종이포장
[모노키친] 야채 고로케,갖은 야채를 채워 만든 고로케,"5,900원",X,1팩,320g,샛별배송/택배배송,냉동/종이포장
[천일식품] 소스에 비벼먹는 새우튀김우동,집에서 먹는 시원깔끔 냉우동,"6,980원",X,1팩,632g,샛별배송/택배배송,냉동/종이포장
[화오미] 유산슬,다채로운 식감의 볶음 요리,"6,900원",X,1봉,250g,샛별배송/택배배송,냉동/종이포장
[퍼틴] 하노이식 쌀국수,깊고 진한 베트남 현지의 맛,"7,500원",X,1봉,706g,샛별배송/택배배송,냉동/종이포장
[해화당] 야채왕교자,두부의 고소한 식감과 향긋한 부추향,"4,200원",X,1봉,280g,샛별배송/택배배송,냉동/종이포장
[21세기누들] 칡냉면(2인분),쫄깃한 면발과 칼칼한 육수의 조화,"5,300원",10%,1팩,1200g,샛별배송/택배배송,냉동/종이포장
[쉐푸드] 모닝 미니버거 비프,[컬리 Only] 알차게 담긴 소고기의 고소함,"5,400원",X,1팩,294g,샛별배송/택배배송,냉장/종이포장
[그라놀로지] 오트 펍스,건강한 단맛이 담긴 귀리 플레이크,"20,000원",X,1통,350g,샛별배송/택배배송,냉장/종이포장
[고메] 중화 짜장,프리미엄 짜장면의 진가,"6,480원",7%,1봉,760g,샛별배송/택배배송,냉동/종이포장
[애슐리] 모짜렐라 치즈볼,뽀얀 치즈를 가득 품은,"6,900원",X,1팩,310g,샛별배송/택배배송,냉동/종이포장
[도제] 밥부리또 5종,각양각색 토핑으로 든든한,"4,500원",X,1개,옵션별,샛별배송/택배배송,냉장/종이포장
[포스트] 오레오 오즈 500g,초코링과 마시멜로의 만남,"6,430원",X,해당사항없음,해당사항없음,샛별배송/택배배송,상온/종이포장
[농심] 새우탕 컵 6입,한 컵에 쏙 담은 시원한 국물,"4,740원",X,1박스,402g(67g,샛별배송/택배배송,상온/종이포장
[LOTS OF LOVE] 차돌듬뿍 묵은지 볶음밥,묵은지와 차돌박이의 기분 좋은 조화,"7,800원",X,1PK,460g,샛별배송/택배배송,냉동/종이포장
[광화문 미진] 메밀 고기 손만두,메밀국수의 단짝 메뉴,"5,900원",X,1팩,560g,샛별배송/택배배송,냉동/종이포장
[누리웰] 새우 계란찜 (냉장),통 새우를 넣어 식감을 더한,"2,500원",X,1팩,150g,샛별배송/택배배송,냉장/종이포장
[Tasty..in] 나시고랭&커리닭가슴살,[더바른도시락 시즌2] 세계의 맛을 담은 맛있는 도시락!,"3,890원",5%,1개,215g,샛별배송/택배배송,냉동/종이포장
[올리] 수제 그래놀라 3종 (소포장),부담 없이 즐기는 소용량 그래놀라,"1,350원",10%,1팩,25g,샛별배송/택배배송,상온/종이포장
[동원] 개성 왕만두 1.2kg,넉넉하게 즐기는 통통한 왕만두,"9,500원",X,1봉,1.2kg,샛별배송/택배배송,냉동/종이포장
[달구지푸드] 훈제 돼지막창 620g,소스와 함께 즐기는 훈제 막창,"16,500원",X,1팩,620g,샛별배송/택배배송,냉동/종이포장
[푸드렐라] 새우 멘보샤 프라이,촉촉한 새우 살의 바삭한 변신,"8,200원",X,1팩,300g,샛별배송/택배배송,냉동/종이포장
[티아시아키친] 스파이시 마살라 커리 (분말형),깔끔하게 매운 정통 커리,"2,480원",X,1봉,100g,샛별배송/택배배송,상온/종이포장
[삼창교자] 전복만두,고소한 육즙을 가득 품은 중국식 교자만두,"7,900원",X,1팩,150g/6개입,샛별배송/택배배송,냉동/종이포장
[튀김공방] 쫀득한입감자,쏙쏙 집어 먹는 노릇한 한 입,"4,430원",X,1봉,300g,샛별배송/택배배송,냉동/종이포장
[더오담] 맛좋은 찰순대 500g,쌀떡이 들어가 더욱 쫄긴한 맛 ,"2,980원",X,1개,해당사항없음,샛별배송/택배배송,냉장/종이포장
[메이티엔] 대만 샌드위치 크림치즈,고소함과 달콤함을 동시에,"1,990원",X,1개,75g,샛별배송/택배배송,냉장/종이포장
[정미경키친] 모둠숙쌈&오이&당근&오이고추 세트,맛있게 즐기는 다양한 채소,"6,417원",7%,1팩,370g,샛별배송/택배배송,냉장/종이포장
[올반] 숙성 고추장돼지불백 180gx3팩,황금비율 양념에 24시간 저온숙성한,"10,430원",12%,1묶음,180g,샛별배송/택배배송,냉동/종이포장
[칼만스] 넛바 2종,오독오독 고소한 견과류가 듬뿍,"9,900원",X,1상자,5개입,샛별배송/택배배송,냉장/종이포장
[비비고] 볶음밥 3종,간단하게 준비하는 한 끼,"4,980원",6%,1팩,410g,샛별배송/택배배송,기타
[LOTS OF LOVE] 자연듬뿍 시래기밥,양구산 시래기가 듬뿍 들어간 별식,"6,800원",X,1봉,460g(230g*2),샛별배송/택배배송,냉동/종이포장
[이연복의 목란] 짜장면 2인분,대가가 선보이는 한 그릇,"9,800원",X,1팩,1040g,샛별배송/택배배송,냉동/종이포장
[하림이닭] 냉동 저염 닭가슴살 2종,저염이라 더 안심하고 먹는 닭가슴살!,"1,700원",X,1팩,100g,샛별배송/택배배송,냉동/종이포장
고구마는 원래 노랗다,포장만 벗겨 바로 먹는 미니 고구마,"2,700원",X,1팩,120g,샛별배송/택배배송,냉동/종이포장
[우주인피자] 허니 고르곤졸라,달콤 짭조름한 블루치즈의 풍미,"11,900원",X,1개,338g,샛별배송/택배배송,냉동/종이포장
[햇반] 발아 현미밥 2종,CJ즉석밥 고소한 맛의 발아 현미밥,"1,880원",X,제품별상이(하단참조),제품별상이(하단참조),샛별배송/택배배송,상온/종이포장
[라쿠치나] 이탈리안 라자냐,라쿠치나 레시피 그대로! 겹겹이 쌓아 올린 진한 풍미,"12,870원",10%,1박스,380g,샛별배송/택배배송,냉동/종이포장
[풀치넬라] 트러플&모르따델라 피자,쫄깃한 도우와 향긋한 트러플의 풍미,"13,900원",X,1팩,350g,샛별배송/택배배송,냉동/종이포장
[델리샌드] 샌드위치 5종,취향 따라 즐기는 샌드위치,"2,200원",X,1개,옵션별,샛별배송/택배배송,냉장/종이포장
[밥리] 오리지널 밥핫도그,소세지를 감싸는 쫀득한 밥알,"2,500원",X,1개,140g,샛별배송/택배배송,냉동/종이포장
[강창구찹쌀진순대] 양념 오돌뼈,오도독 중독성 있는 간편 안주,"4,450원",X,1팩,200g,샛별배송/택배배송,냉동/종이포장
[하코야] 장어 텐동,폭신한 장어 튀김을 올린 한 그릇,"10,900원",X,1팩,726g,샛별배송/택배배송,냉동/종이포장
[세이면] 육개장,부드러운 숙면에 시원한 파맛과 고소한 소고기향이 가득,"2,200원",X,1컵,198g,샛별배송/택배배송,상온/종이포장
[삼창교자] 순새우만두,탱글탱글한 새우가 듬뿍 들어간 중국식 교자만두,"5,900원",X,1팩,150g/6개입,샛별배송/택배배송,냉동/종이포장
[비비고] 얼큰 버섯칼국수,쫄깃한 버섯과 탱글한 면의 조화,"6,980원",X,1팩,컨텐츠참조,샛별배송/택배배송,냉동/종이포장
[키플] 코코넛크림 치킨 커리,담백한 닭가슴살 볼과 인도풍 커리,"7,500원",X,1팩,250g,샛별배송/택배배송,냉동/종이포장
[위드진해] 한우 대창,"쫄깃한 식감, 고소한 풍미","26,000원",X,1팩,310g,샛별배송/택배배송,냉동/종이포장
[무빙마운틴] 식물성 소시지 버거패티 216g,식물성 재료로만 만든 소시지 패티,"11,480원",X,1팩,216g,샛별배송/택배배송,냉동/종이포장
[더플랜] 목련 짜장 오당볶이,"[극한직업 ""어묵""편 방송] 맛도 재료도 색다른 떢볶이 ","5,900원",X,1개,470g,샛별배송/택배배송,냉동/종이포장
[올반] 슈퍼크런치 치킨텐더,"귀리,렌틸콩을 담은 슈퍼크런치 치킨텐더 !","7,480원",X,1개,440g,샛별배송/택배배송,냉동/종이포장
[베지가든 : 맛있는 채식 일상] 숯불향 떡갈비,맛있는 채식일상 육즙 가득한 떡갈비,"12,800원",X,1팩,480g,샛별배송/택배배송,냉동/종이포장
[그린밤] 크루아상 샌드위치 3종,부드러운 빵 속 신선함 가득,"6,900원",X,1개,옵션별,샛별배송/택배배송,냉장/종이포장
[비첸향] 미니이지 육포 4종,싱가폴에서 온 프리미엄 육포 브랜드 비첸향!,"19,500원",X,1박스,170g,샛별배송/택배배송,상온/종이포장
[잊지마] 군고구마 곡물쉐이크,간편하게 챙기는 영양 선식,"2,500원",X,1팩,50g,샛별배송/택배배송,상온/종이포장
[쉐푸드] 우유 핫도그,파스퇴르 1급 원유로 만든 핫도그,"8,900원",X,1봉,630g/70gx9개입,샛별배송/택배배송,냉동/종이포장
[저스트그린] 쉬림프 누들 샐러드 210g,탱글한 새우와 카펠리니의 만남(210g/1팩),"6,500원",X,1팩,210g,샛별배송/택배배송,냉장/종이포장
[Kurly's] 동물복지 반숙란 20구,온 가족이 즐기는 영양 간식(1구당: 595원),"11,900원",X,1팩,20개입,샛별배송/택배배송,냉장/종이포장
[쉐푸드] 불고기크레미불닭 유부초밥,풍성한 토핑으로 즐기는 유부초밥,"3,650원",X,1팩,234g,샛별배송/택배배송,냉장/종이포장
[하림] 순수한 밥 2종,첨가물 없이 담아낸 국산 쌀,"1,450원",X,1개입,210g,샛별배송/택배배송,기타
[My little recipe] 안동에서 올라온 전통찜닭 (2인용),집에서 간편하게 즐기는 안동 찜닭,"16,800원",X,1팩,1300g,샛별배송/택배배송,냉장/종이포장
[오뚜기] 진라면 순한맛 컵 65g*6입,순한 맛 마니아를 위한 컵라면,"4,500원",X,1박스,390g(65g,샛별배송/택배배송,상온/종이포장
[애슐리] 오리지널 통살치킨,한입에 쏙 들어가는 순살 치킨,"7,900원",X,1팩,500g,샛별배송/택배배송,냉동/종이포장
[생어거스틴] 치킨 그린 커리 밀키트,매콤 달콤한 그린커리의 풍미,"16,900원",X,1팩,688g,샛별배송/택배배송,냉동/종이포장
[삼창교자] 어만두,삼치살을 넣어 고소한 맛이 일품!,"5,900원",X,1팩,150g/6개입,샛별배송/택배배송,냉동/종이포장
[웰어게인] 라바쉬 샐러드 5종,납작한 빵을 가득 채워 즐기는 샐러드,"5,900원",X,1개,옵션별,샛별배송/택배배송,냉장/종이포장
[폰타나] 컵수프 4종,뜨거운 물만 부으면 완성,"2,600원",X,1상자,60g,샛별배송/택배배송,상온/종이포장
[체리부로] 골든치킨 텐더스틱,부드럽게 즐기는 순살치킨,"7,400원",X,1팩,460g,샛별배송/택배배송,냉동/종이포장
[삼창교자] 성게알 우니만두,돼지고기의 육즙과 신선한 성게알의 만남,"7,900원",X,1팩,150g/6개입,샛별배송/택배배송,냉동/종이포장
[삼립] 미니꼬마단팥호빵 40gx6입,호빵 1개가 크다고 생각하시면 바로 이것! (1봉/6개입),"2,000원",X,1봉,40g,샛별배송/택배배송,냉동/종이포장
[3분포차] 직화고추장불고기,매콤하고 야들야들한 인기 안주!,"3,675원",25%,1개,150g,샛별배송/택배배송,냉동/종이포장
부산완당,간편하게 맛보는 부산 명물,"5,600원",13%,1팩,426g,샛별배송/택배배송,냉동/종이포장
[쉐푸드] B.E.L.T 샌드위치 & 닭가슴살 흑임자 샌드위치,풍성함과 신선함을 모두 담은 샌드위치,"3,900원",X,1팩,제품별상이(하단참조),샛별배송/택배배송,냉장/종이포장
[더오담] 에어프라이어 돈까스 4종,(신제품 출시) 골라먹는 재미! 에어프라이어로 간편하게 ,"2,600원",X,1개,130g,샛별배송/택배배송,냉동/종이포장
[프로틴방앗간] 하루단백바 카카오 (낱개/박스),촉촉하고 부드러운 단백질바,"2,500원",X,1개/1박스,45g/450g,샛별배송/택배배송,냉장/종이포장
[루토사] 트러플오일 감자튀김 2종,트러플 오일이 동봉되어 고급스럽게 즐기는 감자튀김!,"3,300원",X,1봉,400g,샛별배송/택배배송,냉동/종이포장
[마이비밀] 홈슐랭 도시락 5종,가볍게 즐기는 별미 요리 한 끼,"4,300원",X,1팩,해당사항없음,샛별배송/택배배송,냉동/종이포장
[심플로트] 포테이토 칩,도톰해서 더 바삭한 식감,"4,200원",X,1봉,400g,샛별배송/택배배송,냉동/종이포장
[헬라] 카레케찹 엑스트라핫 300mL,카레의 매콤함을 더한 이색 소스,"5,480원",X,1팩,300ml,샛별배송/택배배송,상온/종이포장
[누리웰] 야채 계란찜 (냉장),기본에 충실한 달걀 반찬,"2,500원",X,1팩,150g,샛별배송/택배배송,냉장/종이포장
[모노키친] 광둥식 레몬크림새우,달큰해서 아이들 간식으로도 제격,"8,900원",X,1팩,370g,샛별배송/택배배송,냉동/종이포장
[사조대림] 안심 닭가슴살캔 오리지널,간편하게 활용하는,"1,200원",X,1캔,90g,샛별배송/택배배송,상온/종이포장
[최현석의 쵸이닷] 새우 봉골레 파스타,이탈리안 레스토랑의 봉골레,"7,743원",13%,1팩,260g,샛별배송/택배배송,냉동/종이포장
[풀무원] 육즙 듬뿍 만두 (렌지용),정통 중국식 딤섬 샤오룽바오의 풍미가 그대로,"2,480원",X,1팩,150g,샛별배송/택배배송,냉동/종이포장
[빕스] 기네스 폭립,흑맥주의 풍미를 입은 이색 폭립,"12,720원",20%,1개,500g,샛별배송/택배배송,냉동/종이포장
[칠갑농산] 들깨 메밀 막국수,"고소한 들깨가루와 참깨, 김 고명까지!","4,900원",X,1팩,434g,샛별배송/택배배송,냉장/종이포장
[농심] 배홍동 멀티팩,입에 착 감기는 매콤달콤함,"2,870원",X,1봉,137g,샛별배송/택배배송,상온/종이포장
[삼립] 트러플 치킨 머핀,치킨 패티와 트러플 크림소스의 만남,"16,500원",X,1박스,155g,샛별배송/택배배송,냉동/종이포장
[다루마] 낫또,쫀쫀하고 오밀조밀한 식감,"2,430원",10%,1묶음,44.8g,샛별배송/택배배송,냉동/종이포장
[아임웰] 굿밸런스 볶음밥 2종,더 맛있게 즐기는 곤약 식단,"2,600원",X,1팩,200g,샛별배송/택배배송,냉동/종이포장
[악소] 햄치즈 브뢰첸 샌드위치 (3개입),누구나 반할 독일식 햄치즈 브뢰첸 샌드위치!,"11,900원",X,1팩,3봉입,샛별배송/택배배송,냉동/종이포장
[에스엔비] 1인 커리소스,원하는 재료를 넣어 만드는 나만의 카레,"1,900원",X,1팩,150g,샛별배송/택배배송,상온/종이포장
[정미경키친] 콘 샐러드,아삭한 식감의 옥수수 풍미가 그대로,"3,900원",X,1팩,130g,샛별배송/택배배송,냉장/종이포장
[풀무원] 탱탱쫄면 (4개입),튀기지 않아 부담 없는 매콤함,"4,980원",X,1봉,123g*4봉,샛별배송/택배배송,상온/종이포장
[포스트] 코코볼 570g,다섯 가지 곡물이 들어간,"3,860원",3%,해당사항없음,해당사항없음,샛별배송/택배배송,상온/종이포장
[미자언니네] 김치 우리콩 비지찌개,우리 콩과 우리 김치로 끓인,"7,830원",13%,1개,700g,샛별배송/택배배송,냉동/종이포장
[도제 LITE] 지단 부리또 3종,든든하면서도 편안한 키토 부리또,"5,500원",X,1개,160g,샛별배송/택배배송,냉장/종이포장
[보승] 한판모둠순대,내장을 함께 담은 알찬 구성,"3,500원",X,1팩,303g,샛별배송/택배배송,냉장/종이포장
[외할머니댁] 차돌 청국장,구수하고 따뜻한 한 그릇,"7,900원",X,1팩,600g,샛별배송/택배배송,냉동/종이포장
[쉐푸드] 제육에그참치 유부초밥,세 가지 고소함을 더한 유부초밥,"3,650원",X,1팩,234g,샛별배송/택배배송,냉장/종이포장
[스마일찬] 비빔짜장,따끈한 밥에 슥슥 비벼 먹는,"3,200원",X,1팩,200g,샛별배송/택배배송,냉장/종이포장
[창화당] 이북식 손 왕만두,슴슴한 매력으로 즐기는,"8,900원",X,1봉,560g,샛별배송/택배배송,냉동/종이포장
[마이디벨] 벨지안 프라이 디퍼,소스에 푹 찍어 즐기는 매력,"3,500원",X,1팩,400g,샛별배송/택배배송,냉동/종이포장
[킨더가든] 어린이 불고기 떡볶이 (540g),아이와 함께 먹는 떡볶이,"9,900원",X,1팩,540g,샛별배송/택배배송,냉장/종이포장
[두부씨의 건강한끼] 채소듬뿍 비빔 두부면 샐러드,탄수화물 걱정 없는 면 요리,"6,300원",X,1팩,210g,샛별배송/택배배송,냉장/종이포장
[목우촌] 두번 튀겨 더욱 바삭한 한입 돈까스,도톰하게 썰어 풍성한 식감 ,"5,720원",X,1팩,500g,샛별배송/택배배송,냉동/종이포장
국내산 원재료만 사용한 삼계탕,든든하게 즐기는 한 끼 보양식,"7,900원",X,1봉,800g,샛별배송/택배배송,상온/종이포장
[트리투바] 초콜릿 그래놀라,오도독 씹히는 초콜릿 조각,"9,900원",X,1개,150g,샛별배송/택배배송,냉장/종이포장
[미자언니네] 전복죽,국내산 완도 전복을 사용한,"12,006원",13%,1팩,500g,샛별배송/택배배송,냉동/종이포장
[집으로ON] 마무리 볶음밥 3종,고깃집에서 맛보던 별미 볶음밥! ,"1,990원",X,1봉,230g,샛별배송/택배배송,냉동/종이포장
[크레이브푸드] 단호박 후무스 200g,단호박을 만나 더 부드러운 맛,"5,300원",X,1팩,200g,샛별배송/택배배송,냉장/종이포장
[My little recipe] 중화풍 해물 돼지고기 덮밥 소스,든든함과 편리함을 고루 갖춘 소스,"6,500원",X,1봉,300g,샛별배송/택배배송,냉동/종이포장
[샘표국시] 비빔냉면,간편하게 즐기는 여름 별미,"1,400원",X,1개,145g,샛별배송/택배배송,상온/종이포장
[풀무원] 노엣지 베이컨 파이브 치즈피자,5가지 치즈의 진한 풍미,"6,980원",X,1개,376g,샛별배송/택배배송,냉동/종이포장
[빌라드서울] 진심 떡볶이,자꾸만 손이 가는 맵싸한 밀떡볶이,"3,900원",X,1팩,400g,샛별배송/택배배송,냉동/종이포장
[서울마님죽] 단팥죽,통팥이 살아있는 달달한 단팥죽,"3,000원",X,1팩,300g,샛별배송/택배배송,냉장/종이포장
[쉐푸드] 땡초 참치마요 삼각김밥,땡초의 알싸함을 더해 풍성한 맛,"1,200원",X,1개,112g,샛별배송/택배배송,냉장/종이포장
[그로서리서울] 배부른 현미 곤약밥 2종,"속을 든든하게, 마음은 가볍게 즐기는!","2,600원",X,1개입/4개입,140g/140gx4개,샛별배송/택배배송,상온/종이포장
[강남면옥] 사골떡만두국,따뜻하고 든든한 한 그릇,"8,800원",X,1팩,644g,샛별배송/택배배송,냉동/종이포장
[농심] 신라면블랙 (멀티팩),진한 국물과 푸짐한 건더기의 조화,"4,670원",X,1봉,134g,샛별배송/택배배송,상온/종이포장
[전주 베테랑] 김치만두,전주 유명 맛집의 인기 메뉴,"6,000원",X,1팩,420g,샛별배송/택배배송,냉동/종이포장
[풀무원] 국산콩 유부초밥,국내산 콩으로 만들어 담백한 맛,"3,980원",X,1봉,165g,샛별배송/택배배송,냉장/종이포장
[모던구루] 클래식 그래놀라 4종,건강한 재료로 완성한 고소함,"9,600원",X,1통,230g,샛별배송/택배배송,상온/종이포장
칼로리 라이스 3종(냉동),컬리플라워 라이스 기반의 식단 관리의 필수템,"4,500원",X,1봉,210g,샛별배송/택배배송,냉동/종이포장
[모노키친] 뽀모도로 스파게티,전자레인지 조리로 더욱 간편하게,"3,500원",X,1팩,300g,샛별배송/택배배송,냉동/종이포장
[고온어다이어트] 버섯불고기스크램블 & 야채필라프,풍성하고 다채로운 구성의,"3,700원",X,1팩,205g,샛별배송/택배배송,냉동/종이포장
포테토 크런치 치즈스틱,감자옷을 입은 바삭한 크런치 치즈스틱,"7,900원",X,1봉,600g,샛별배송/택배배송,냉동/종이포장
[3분포차] 직화오돌뼈구이,포장마차 대표 메뉴,"3,920원",20%,1개,150g,샛별배송/택배배송,냉동/종이포장
[마이디벨] 벨지안 케이준 프라이,짭조름한 양념을 더한 감자튀김,"3,600원",X,1봉,400g,샛별배송/택배배송,냉동/종이포장
[탐나는밥상] 노릇하게 지진 반달달걀지짐,달걀 반찬의 색다른 변신,"4,500원",X,1팩,230g,샛별배송/택배배송,냉장/종이포장
[모노키친] 인절미 꿔바로우,고소함을 더한 근사한 디너 메뉴,"7,200원",X,1팩,250g,샛별배송/택배배송,냉동/종이포장
[올반] 모짜체다 찰 핫도그,"모차렐라 치즈와 체다 치즈, 두 가지 맛을 동시에! ","8,380원",X,1봉,80g*5개입,샛별배송/택배배송,냉동/종이포장
[시즈널마켓] 뉴욕식 핫도그 5종,"육즙 가득한 소시지, 풍성한 토핑의 뉴욕식 핫도그!","3,135원",5%,1개,제품별상이(컨텐츠참조),샛별배송/택배배송,냉장/종이포장
[맛의고수] 통편육 250g,국내산 돈육으로 만든 통편육! ,"5,900원",X,1개,250g,샛별배송/택배배송,냉장/종이포장
[피그인더가든] 감자마요 스쿱샐러드 120g,간편하고 맛있게 즐기는 감자마요 샐러드(120g/1팩),"1,980원",X,1팩,120g,샛별배송/택배배송,냉장/종이포장
[존쿡 델리미트] 세인트루이스 립 텍사스 스타일 800g (소스포함) (냉동),살코기 두툼한 스페어 립과 바베큐 소스의 황홀한 조화(1상자/400gx2팩),"21,900원",X,1상자,800g(400g,샛별배송/택배배송,냉동/종이포장
[하이포크] 우거지 선지국,신선하고 얼큰한 국물맛,"7,900원",X,1봉,800g(해장국,샛별배송/택배배송,냉장/종이포장
[베지가든 : 맛있는 채식 일상] 바삭 탕수육,돼지고기 대체육과 식물성 재료로 만든 소스 까지!,"10,800원",X,1팩,500g,샛별배송/택배배송,냉동/종이포장
[위드진해] 소대창전골,진한 국물과 쫄깃한 식감,"19,500원",X,1펙,320g,샛별배송/택배배송,냉동/종이포장
[푸드렐라] 나쵸치킨,나쵸와 닭고기의 바삭한 만남 ,"5,150원",3%,PK,300g,샛별배송/택배배송,냉동/종이포장
[미자언니네] 일품 모듬 순대,고기와 채소를 듬뿍 넣은 순대,"7,743원",13%,1팩,400g,샛별배송/택배배송,냉동/종이포장
[21세기누들] 물냉면(2인분),평양식 냉면의 구수한 감칠맛,"5,900원",X,1팩,1106g,샛별배송/택배배송,냉동/종이포장
[폰타나] 액상수프 6종,유럽 정통 레시피로 즐기는,"2,230원",X,1팩,180g,샛별배송/택배배송,상온/종이포장
[아삭한컵] 코울슬로 100g,산뜻하게 입맛 돋워줄 컵샐러드,960원,20%,1개,100g,샛별배송/택배배송,냉장/종이포장
"[Kurly's] 간편하게 바삭, 순살 치킨",촉촉한 닭다리살과 바삭한 튀김옷의 조화,"6,900원",X,1팩,400g,샛별배송/택배배송,냉동/종이포장
[클레버토끼] 크레미&스윗펌킨 Family Bowl (어니언소스 포함),(푸짐한 패밀리 샐러드) 달콤하게 즐기는 한 끼 (1팩/300g),"6,500원",X,1팩,300g,샛별배송/택배배송,냉장/종이포장
[애슐리] 치즈 포테이토 딥디쉬 피자,세 가지 치즈와 풍성한 토핑,"7,900원",X,1개,436g,샛별배송/택배배송,냉동/종이포장
[비비고] 매운 왕교자 315g,매콤한 고추와 달콤한 갈비양념의 만남!,"4,300원",X,1개,315g,샛별배송/택배배송,냉동/종이포장
[카페프룻] 유기농 쌀로 만든 버섯 리조또 2종,유기농 쌀과 무항생제 닭가슴살로 만든 간편한 버섯 리조또,"4,900원",X,1개,250g,샛별배송/택배배송,냉동/종이포장
[모노키친] 갈릭크림 봉골레 스파게티,마늘의 풍미가 깃든 크림소스 스파게티,"3,500원",X,1팩,310g,샛별배송/택배배송,냉동/종이포장
[바비엔] 오징어 볶음 2종,쫄깃한 식감과 화끈한 매운맛,"8,900원",X,1팩,품목별,샛별배송/택배배송,냉동/종이포장
[톰볼라] 새우 라자냐,은근하게 입혀낸 바다의 감칠맛,"22,000원",X,1팩,430g,샛별배송/택배배송,냉동/종이포장
[마니커f&g] 바사삭 순살치킨,순살 치킨도 바삭하게,"6,980원",X,1봉,400g,샛별배송/택배배송,냉동/종이포장
[해화당] 해물부추납작만두,납작하게 빚어낸 해물의 감칠맛,"5,900원",X,1봉,360g,샛별배송/택배배송,냉동/종이포장
[My little recipe] 콩향이 가득한 얼큰안동국시 2인분 세트,매콤함을 더한 별미 국수,"10,500원",X,1팩,442g,샛별배송/택배배송,냉장/종이포장
[삼양] 삼양라면 5입,쫄깃한 면발과 진한 국물의 조화,"3,500원",X,1팩,120g,샛별배송/택배배송,상온/종이포장
[마켓컬리x차알] 계란볶음밥 (2인분),불맛 가득 고소학 중식 계란볶음밥,"4,900원",X,1팩,1팩(210g*2ea),샛별배송/택배배송,냉동/종이포장
[미자언니네] 단팥죽 (냉동),달콤하고 고소한 홈메이드 죽,"8,526원",13%,1팩,500g,샛별배송/택배배송,냉동/종이포장
[모노키친] 상해식 해물찹쌀누룽지탕,고급 중식도 데우기만 하면 완성,"9,900원",X,1팩,450g,샛별배송/택배배송,냉동/종이포장
[강창구찹쌀진순대] 찹쌀 진순대국,얼큰한 국물에 담긴 진한 풍미,"4,900원",X,1팩,600g,샛별배송/택배배송,냉동/종이포장
[켈로그] 오곡 첵스초코 스노우초코볼 230g,앙증맞은 초코볼이 더하는 달콤함,"3,200원",X,1상자,230g,샛별배송/택배배송,상온/종이포장
[도스타코스] 부리또 3종 (냉동),간편하게 완성하는 정통 멕시칸 음식,"3,500원",X,1봉,170g,샛별배송/택배배송,냉동/종이포장
[이태리돈까스] 바질크림파스타&함박,매콤한 바질크림파스타와 함박스테이크!,"6,500원",X,1팩,337g,샛별배송/택배배송,냉동/종이포장
[MY KITCHEN] 정통 미국식 포테이토 샐러드,딜 피클로 매력을 더한 감자,"3,900원",X,1통,180g,샛별배송/택배배송,냉장/종이포장
[모노키친] 차슈,감칠맛이 깃든 차슈 슬라이스,"9,900원",X,1팩,300g,샛별배송/택배배송,냉동/종이포장
[콜린스 다이닝] 시저샐러드,요리처럼 즐기는 고품격 한 끼 샐러드,"6,693원",3%,1통,240g,샛별배송/택배배송,냉장/종이포장
[세이면] 설렁탕,간편하게 후루룩 바로 먹는 숙면 설렁탕! ,"2,200원",X,1컵,194g,샛별배송/택배배송,상온/종이포장
[하코야] 돈카츠 커리,돈가스와 커리의 완벽 조화,"9,900원",X,1팩,566g,샛별배송/택배배송,냉동/종이포장
[라쿠치나] 이탈리아식 사각 피자 4종,모짜렐라 치즈가 들어간 알차게 즐기는 이색 피자,"3,200원",20%,1팩,제품별상이(하단참조),샛별배송/택배배송,냉동/종이포장
[위드진해] 기름 쏙 뺀 양념 즉석소대창구이,깔끔하게 즐기는 대창 구이,"17,005원",5%,1팩,380g,샛별배송/택배배송,냉동/종이포장
[네떼] 셀러리 스틱 170g,천연 살균수로 깨끗하게 씻은 셀러리 스틱(1팩/170g),"3,000원",X,1팩,170g,샛별배송/택배배송,냉장/종이포장
[키플] 스리라차 쉬림프 오믈렛,부드러운 오믈렛과 매콤한 소스가 매력적인,"7,500원",X,1팩,260g,샛별배송/택배배송,냉동/종이포장
[그래놀라하우스] 그래놀라 4종,도톰하게 뭉쳐 만든 수제 그래놀라!,"12,960원",4%,1통,300g,샛별배송/택배배송,상온/종이포장
[삼양] 라이트 불닭볶음면 5입,가볍게 즐기는 덜 자극적인 매운맛,"3,980원",X,1팩,110g,샛별배송/택배배송,상온/종이포장
[우주인피자] 멜팅 치즈,녹진한 치즈 퐁듀를 닮은 한 판,"11,900원",X,1개,419g,샛별배송/택배배송,냉동/종이포장
[풀무원] 꼬마 유부초밥,귀여운 한 입 크기 유부초밥,"2,771원",7%,1봉,145.5g,샛별배송/택배배송,냉장/종이포장